text,label
"在家电产品选材上，海尔智家众多产品都采用低碳环保材料，不仅能降低碳排放，还能回收循环再利用。同时在产品的功能设计上，海尔智家更是兼顾功能与体验，推出“可以洗空气的空调”等一系列绿色、低碳新物种。同样，在绿色经营上，海尔智家拥有全球首个碳中和“灯塔基地”海尔中德智慧园区，一举奠定其在产业领跑者地位；此外，海尔莱西再循环互联工厂一期项目，每年以拆解200万台废旧家电、改性造粒3万吨等能力，成为家电回收拆解行业的先行者。

比如，海尔博观冰箱是行业首个低碳聚氨酯材料冰箱，聚氨酯是绿色可回收材料，与传统原料相比降低50%碳排放。最让行业没想到的是，等到冰箱使用生命周期结束后，海尔智家还会对其进行回收循环再利用，实现全程跟踪全面践行“双碳”战略；领跑世界的海尔磁悬浮中央空调原创磁悬浮离心技术，能为建筑节能提高50%，省电则达一半以上。海尔燃电混动热水器，通过在清洁能源方案和节能技术方面的创新，大幅减少二氧化碳排放。



作者：家电圈
链接：https://xueqiu.com/4582457192/227593256
来源：雪球
著作权归作者所有。商业转载请联系作者获得授权，非商业转载请注明出处。
风险提示：本文所提到的观点仅代表个人的意见，所涉及标的不作推荐，据此买卖，风险自负。",1
"LV日前发布三款全新LV Trainer鞋款，集创造力、可持续性与环保设计于一体，均采用90%可回收和生物面料制成，鞋面材料融合了可回收聚酯纤维与玉米基塑料，鞋带的材料则来自回收塑料，鞋舌同样采用可回收聚氨酯，鞋盒为100%可回收和可循环利用纸板。



作者：DoNews
链接：https://xueqiu.com/5133207869/225962487
来源：雪球
著作权归作者所有。商业转载请联系作者获得授权，非商业转载请注明出处。
风险提示：本文所提到的观点仅代表个人的意见，所涉及标的不作推荐，据此买卖，风险自负。",1
"根据共青团贵州省委统筹协调，华贵保险通过贵州省志愿者行动指导中心（贵州省青少年维权中心），向全省抗疫志愿者捐赠了团体意外伤害及意外伤害医疗保险。其中，意外伤害保险金（扩展新冠肺炎导致的身故责任），保险金额为10万元/人；意外伤害医疗保险金，保险金额为5000元/人。自贵阳本轮疫情发生以来，华贵保险全体党员干部员工积极贯彻省金融行业综合党委的倡议，勇担责任、主动作为，已有20多位党员干部、预备党员、入党积极分子参加了抗疫志愿者，奋战在抗疫一线。



作者：千家报
链接：https://xueqiu.com/7899695254/232226055
来源：雪球
著作权归作者所有。商业转载请联系作者获得授权，非商业转载请注明出处。
风险提示：本文所提到的观点仅代表个人的意见，所涉及标的不作推荐，据此买卖，风险自负。",1
"苹果向来以关注隐私著称，其首席执行官蒂姆·库克（Tim Cook）甚至宣称“隐私属于基本人权”。然而，苹果公司的许多员工抱怨称，他们的大量个人数据被鼓励存储在工作设备上，苹果却未能保护好“自己人的隐私”。
",0
"每经AI快讯，理工环科7月26日晚间发布公告称，公司拟于2021年内推出员工持股计划。在符合相关法律法规规定的前提下，本次员工持股计划所持有的公司股票总数累计不超过公司股本总额的6.19%，单一持有人持有的员工持股计划份额所对应的公司股票数量不超过公司股本总额的1%，员工持股计划的总规模预计不超过约2451万股。



作者：每日经济新闻
链接：https://xueqiu.com/4642157440/192116970
来源：雪球
著作权归作者所有。商业转载请联系作者获得授权，非商业转载请注明出处。
风险提示：本文所提到的观点仅代表个人的意见，所涉及标的不作推荐，据此买卖，风险自负。",1
"自设立以来，尚太科技一直高度重视环境保护问题，按照环保有关法律法规的要求，在生产过程中配备相应环保设施，建立健全环境保护处理和责任制度，以杜绝环境污染。尚太科技主要产品生产过程中会产生颗粒物、二氧化硫和氮氧化物等污染物，均按照国家有关规定进行集中处理后排放，符合国家环保的相关标准。



作者：大汪财经
链接：https://xueqiu.com/8653915216/229028588
来源：雪球
著作权归作者所有。商业转载请联系作者获得授权，非商业转载请注明出处。
风险提示：本文所提到的观点仅代表个人的意见，所涉及标的不作推荐，据此买卖，风险自负。",1
"此外，拼多多APP还被多次曝光涉嫌窃取用户通讯录，严重侵犯了用户隐私权。

在去年爆出员工猝死后，拼多多又被爆出喊话“用钱换命”的言论后，舆论口碑一时跌入谷底。



作者：郑荣南Zeke
链接：https://xueqiu.com/2684655177/210281666
来源：雪球
著作权归作者所有。商业转载请联系作者获得授权，非商业转载请注明出处。
风险提示：本文所提到的观点仅代表个人的意见，所涉及标的不作推荐，据此买卖，风险自负。",0
"日前，高露洁与公司技术研发团队共同推出的新型可回收牙膏用塑料薄膜项目顺利通过高露洁（全球）技术认证，这在永新股份（002014）与高露洁（全球）的战略合作上具有里程碑意义，也标志着高露洁与永新股份在绿色包装可持续发展的研发上迈上了新台阶。

　　作为高露洁（全球）的战略合作伙伴和卓越供应商，此次牙膏用薄膜可回收项目的成功验证，是双方战略互信的成果，更是高露洁与永新股份在全球绿色循环经济道路上携手共进的见证。未来，公司将和高露洁（全球）共同努力，立足“包装2025”战略，持续开发推广单一材质、可回收等环境友好型材料，推进柔性包装的设计应用，争当中国塑料软包装行业绿色可持续发展的领跑者。",1
"通用汽车与LG化学成立电池合资公司Ultium Cells以量产Ultium电池，提升其在美国新能源汽车市场所占份额。Ultium Cells将与Li-Cycle合作处理生产废料，预计在今年实现对电池生产过程中所产生的废料进行回收。



作者：车云网
链接：https://xueqiu.com/8770626514/179876775
来源：雪球
著作权归作者所有。商业转载请联系作者获得授权，非商业转载请注明出处。
风险提示：本文所提到的观点仅代表个人的意见，所涉及标的不作推荐，据此买卖，风险自负。",1
"近年来，中国江苏省家电行业中游镀锌钢材龙头企业康利国际控股有限公司(HKEX: 06890)在节水节能方面投入了大量资金。

在当前钢铁产品生产企业在生产过程中高能耗、高水耗不可避免的情况下，康利国际坚持加强硬件建设和软件更新。康利国际被评为江苏省节水示范企业。此外，康利国际是2021年常州市节能与循环经济发展专项资金的获得单位之一。



作者：金评媒
链接：https://xueqiu.com/4840637746/200841175
来源：雪球
著作权归作者所有。商业转载请联系作者获得授权，非商业转载请注明出处。
风险提示：本文所提到的观点仅代表个人的意见，所涉及标的不作推荐，据此买卖，风险自负。",1
"2021年12月23日，青岛森特建筑工程有限公司未取得夜间施工审批手续，在西海岸新区烟台路西侧、灵山湾路南侧处于结构施工阶段的绿城青岛文澜锦园项目工地2号楼负一层筏板进行混凝土浇筑施工作业，该工地西南侧为华清苑小区，执法人员对现场施工边界噪声进行了测量，测点1数据（场界东外1m,高度1.2m）为63.2分贝，测点2数据（场界西外1m，高度1.2m）为62.9分贝，测点3数据（场界南外1m，高度1.2m）为62.6分贝，测点4数据（场界北外1m，高度1.2m）为61.9分贝。该施工现场4个测点检测平均值为62.65分贝，造成扰民。



作者：青岛精选
链接：https://xueqiu.com/6679736674/218568983
来源：雪球
著作权归作者所有。商业转载请联系作者获得授权，非商业转载请注明出处。
风险提示：本文所提到的观点仅代表个人的意见，所涉及标的不作推荐，据此买卖，风险自负。",0
"当事人青岛盛世东鹏建设有限公司于2022年5月13日22时35分在珠江路（石油大学区域）联通工程项目夜间进行禁止的产生环境噪音污染的建筑施工作业，未得到相关部门审批手续。

     依据《青岛市环境噪声管理规定》第三十条：建筑施工单位违反第二十一条规定,在规定的区域内,夜间进行禁止的产生环境噪声污染的建筑施工作业的,由工程所在地生态环境主管部门责令改正,可以处以两千元以上五万元以下罚款。



作者：青岛精选
链接：https://xueqiu.com/6679736674/222558184
来源：雪球
著作权归作者所有。商业转载请联系作者获得授权，非商业转载请注明出处。
风险提示：本文所提到的观点仅代表个人的意见，所涉及标的不作推荐，据此买卖，风险自负。",0
"环清环境成立于2017年，公司总部位于国家双创基地。公司首席专家是清华大学能源与动力工程系资源环境研究组负责人张衍国教授。张教授带领其研究团队成功开发出符合我国国情的农村多种污染源处理技术，该技术实现农村生活垃圾及农林废弃物的能源化与资源化利用。



作者：35斗
链接：https://xueqiu.com/5447970037/229008951
来源：雪球
著作权归作者所有。商业转载请联系作者获得授权，非商业转载请注明出处。
风险提示：本文所提到的观点仅代表个人的意见，所涉及标的不作推荐，据此买卖，风险自负。",1
"为持续深化绿色金融改革创新实践，助力夯实绿色金融基础设施建设，加快构建绿色金融科技生态，2021年12月2日，重庆银行（601963.SH，01963.HK）上线绿色金融管理系统，运用大数据、人工智能等金融科技手段赋能绿色发展。



作者：证券市场周刊
链接：https://xueqiu.com/7955260278/204958928
来源：雪球
著作权归作者所有。商业转载请联系作者获得授权，非商业转载请注明出处。
风险提示：本文所提到的观点仅代表个人的意见，所涉及标的不作推荐，据此买卖，风险自负。",1
"拟使用自有资金以集中竞价交易方式回购部分社会公众股股份，用于实施公司员工持股计划或股权激励，以此进一步完善公司治理结构，构建管理团队持股的长期激励与约束机制，确保公司长期经营目标的实现，推动全体股东的利益一致与收益共享，提升公司整体价值。

作者：加力投资
链接：https://xueqiu.com/6483412330/186220630
来源：雪球
著作权归作者所有。商业转载请联系作者获得授权，非商业转载请注明出处。
风险提示：本文所提到的观点仅代表个人的意见，所涉及标的不作推荐，据此买卖，风险自负。",1
"在6月5日环境日到来之际，山西焦煤（000983）向全体干部职工发出“保护生态环境 减少塑料污染”的倡议，引导广大干部职工强化生态环保意识，积极应对塑料污染，保护职工健康。

作者：山西焦煤(SZ000983)
链接：https://xueqiu.com/S/SZ000983/181804610
来源：雪球
著作权归作者所有。商业转载请联系作者获得授权，非商业转载请注明出处。
风险提示：本文所提到的观点仅代表个人的意见，所涉及标的不作推荐，据此买卖，风险自负。",1
" 作为国内最早布局建设电子废弃物循环利用与高值化利用产业链的企业之一。2007年，格林美开始启动电子废弃物循环利用关键技术研究与产业化。去年以来，格林美已着手布局分拆格林循环上市的计划。

作者：爱集微APP
链接：https://xueqiu.com/9983210953/192114624
来源：雪球
著作权归作者所有。商业转载请联系作者获得授权，非商业转载请注明出处。
风险提示：本文所提到的观点仅代表个人的意见，所涉及标的不作推荐，据此买卖，风险自负。",1
"2022年中央一号文件明确指出“严格控制以玉米为原料的燃料乙醇加工”，这是2017年国家提出“适度发展粮食燃料乙醇”之后的政策调整。也就是说，目前不能以玉米用来做原料了，但是可以用玉米的杆和叶子等废弃的农业产品作为能源来源，这个如果能够实现的话，那么在生物产品转化为油品的过程中，真正达到了变废为宝。公司经过多年试验，开发了国际一流的全套纤维素乙醇技术方案，整体工艺顺畅，技术瓶颈攻克，获得62项专利授权，并完成了5万吨级示范装置工艺包编制，基本具备了产业化技术条件。同时中粮科技还在寻找木薯等作为玉米的替代品，具体根据大宗 商品的价格而定。


作者：牧狼人人人
链接：https://xueqiu.com/7257288517/218957881
来源：雪球
著作权归作者所有。商业转载请联系作者获得授权，非商业转载请注明出处。
风险提示：本文所提到的观点仅代表个人的意见，所涉及标的不作推荐，据此买卖，风险自负。",1
"东利机械（301298.SZ）6月15日在投资者互动平台表示，公司倡导绿色制造、循环经济理念，高度重视环境保护工作，严格贯彻执行国家和地方有关环境保护的法律法规，持续完善各项环境保护制度，导入并实施了ISO14001:2015环境管理体系，并严格有效执行。公司逐年增加环境保护投入，购置、新建及升级改造环保设备，建立起先进的绿色制造体系。公司拥有完整的产业链，机加工产生的废铁屑、废钢屑将循环用作铸造材料，经重新配比并熔炼后铸造形成新的毛坯，减少了原材料的浪费。山东阿诺达采用的电泳涂装属于环保涂装工艺，电泳涂装生产中所产生的再生水无电泳漆残留，可以循环用作铸造用水，进一步节省了水资源。此外，公司铸造生产采用错峰生产的政策，避开用电高峰期，大幅减少电力成本。公司一直奉行“智能制造、绿色制造、柔性制造”

作者：每日经济新闻
链接：https://xueqiu.com/4642157440/222728102
来源：雪球
著作权归作者所有。商业转载请联系作者获得授权，非商业转载请注明出处。
风险提示：本文所提到的观点仅代表个人的意见，所涉及标的不作推荐，据此买卖，风险自负。",1
"现场督察发现，西藏开投海通水泥有限公司(以下简称海通水泥)野蛮施工，采区和矿区道路两旁废渣弃土大量顺坡倾倒，导致矿区形成大面积高陡边坡，且未落实矿区生态修复措施，生态破坏十分严重。

作者：中国网财经
链接：https://xueqiu.com/9293278021/216196032
来源：雪球
著作权归作者所有。商业转载请联系作者获得授权，非商业转载请注明出处。
风险提示：本文所提到的观点仅代表个人的意见，所涉及标的不作推荐，据此买卖，风险自负。",0
"天鹅洲保护区是中国最大的江豚迁地保护中心，保护区内江豚数量由90年代的5头增长到2021年的101头。在2021年年初，联想集团团队去到保护区参观，了解到保护区喜人成果背后辛勤的付出。经过与保护区工作人员的沟通交流，团队发现联想集团新IT技术架构能够满足保护区提高数据管理效率的需求，并让数据释放出更大的价值。2021年6月，联想集团与天鹅洲保护区正式达成战略合作，为其量身定制一套江豚智能保护系统。作为架构师的赵庆发挥所长担任项目设计工作，从搭建本地数据中心，到建立统一数据管理平台，最后与智慧化大屏联通实现数据可视化。这套智慧生态保护解决方案推动了保护区生态保护工作的数字化，并有望通过进一步数据积累实现智能化。

作者：五小牛调研
链接：https://xueqiu.com/9158060429/231841150
来源：雪球
著作权归作者所有。商业转载请联系作者获得授权，非商业转载请注明出处。
风险提示：本文所提到的观点仅代表个人的意见，所涉及标的不作推荐，据此买卖，风险自负。",1
"《四川省饮用水水源保护管理条例》规定，地表水饮用水水源准保护区内，禁止非更新性、非抚育性采伐和破坏饮用水水源涵养林、护岸林和其他植被。但督察发现，2018年以来，四川省林业和草原局违规为有关房地产项目办理林地使用手续，导致黑龙滩饮用水水源准保护区342.56亩林地被侵占，其中防护林63.45亩。同时，由于监督管理不到位，2018年以来，黑龙滩流域内还发生88件破坏林地案件，涉及林地面积761.58亩，其中防护林56.80亩。现场看到，黑龙滩水库北部及西北部区域大量植被遭到毁坏，原有林木已被成片高楼和洋房取代，水源涵养功能基本丧失，影响了黑龙滩水库生态系统的原真性和完整性。

　　此外，根据四川省人民政府批准的《四川省黑龙滩生态环境保护试点总体实施方案》，眉山市应于2017年年底前建成生态环境保护工程项目53项。截至本批督察时仍有8个项目未完成甚至未实施，其中应建设的4000亩生态涵养林只完成了192亩，仅占4.8%。",0
"据了解，浦发银行已连续14年开展志愿者日活动。作为首家发布企业社会责任报告的股份制商业银行，浦发银行不仅积极为长三角一体化发展助力，还高度重视社会经济的和谐发展。自合肥分行成立以来，浦发在服务区域实体经济发展的同时，开展了多项爱心公益活动。从“春蕾计划”到“灾区捐助”，从“公益健康跑”到“我们减塑 给地球减负”，合肥分行积极传递爱心，用脚步幻化成力量，为留守儿童打造温馨家园，为冬奥碳汇林送去绿色，为城市建设者带去温暖，为残障少年描绘美好蓝图。尤其在疫情期间，浦发还为市民开辟线上口罩预约登记通道，积极投身社区服务，努力成为传播爱与责任的美丽使者。

作者：财今
链接：https://xueqiu.com/1827022045/168513460
来源：雪球
著作权归作者所有。商业转载请联系作者获得授权，非商业转载请注明出处。
风险提示：本文所提到的观点仅代表个人的意见，所涉及标的不作推荐，据此买卖，风险自负。",1
"当代建筑的建造范式开始从标准化走向人性化、绿色化。东方雨虹作为建筑建材系统服务商，从环保材料研发、生产制造、系统解决方案以及施工装备去升级，围绕建筑防水、民用建材、建筑涂料、砂浆粉料、节能保温、建筑修缮、非织造布、特种薄膜等领域，打造绿色建筑的内核。



作者：证券市场红周刊
链接：https://xueqiu.com/2994748381/221813828
来源：雪球
著作权归作者所有。商业转载请联系作者获得授权，非商业转载请注明出处。
风险提示：本文所提到的观点仅代表个人的意见，所涉及标的不作推荐，据此买卖，风险自负。",1
"“我们通过实施工业园区水资源综合利用项目，经过循环处理的中水，全部用于企业生产，在共建清洁美丽家园中蹚出了可复制路径。”近日，宁夏水投中卫水务有限公司中水厂负责人李佩霖介绍。

作者：黄河水(NQ836847)
链接：https://xueqiu.com/S/NQ836847/223734863
来源：雪球
著作权归作者所有。商业转载请联系作者获得授权，非商业转载请注明出处。
风险提示：本文所提到的观点仅代表个人的意见，所涉及标的不作推荐，据此买卖，风险自负。",1
"1月20日消息，近日，网传Boss直聘《2022年春节放假通知及疫情防控要求》截图，图片显示，Boss直聘要求除结婚、怀孕等特殊情况外，全体员工一律留于工作地过年。“未经审批离开工作地造成安全隐患，违反防疫要求的，视为违纪，根据情节严重程度处理”。



作者：鞭牛士
链接：https://xueqiu.com/5896727566/209556740
来源：雪球
著作权归作者所有。商业转载请联系作者获得授权，非商业转载请注明出处。
风险提示：本文所提到的观点仅代表个人的意见，所涉及标的不作推荐，据此买卖，风险自负。",0
"9月8日上午，长虹美菱旗下美菱生物医疗公司与安徽省疾病预防控制中心举行了中心设备换新升级交付仪式。作为免费升级方，美菱生物医疗主动为安徽省疾病预防中心升级了8台老旧设备，确保安徽疾控中心更好地实现疾病预防的科学研究工作。

作者：连讯社
链接：https://xueqiu.com/4381768161/230687216
来源：雪球
著作权归作者所有。商业转载请联系作者获得授权，非商业转载请注明出处。
风险提示：本文所提到的观点仅代表个人的意见，所涉及标的不作推荐，据此买卖，风险自负。",1
"2.1万千瓦的规模，每年碳减排超过6万吨，如果未来能够跟海上风电，跟潮汐能结合，最终目标实现零碳排放。

未来的元宇宙的推广离不开庞大的数据中心的支持，海兰信给数据中心提供了新方案。



作者：悟道的可
链接：https://xueqiu.com/1651958071/203356986
来源：雪球
著作权归作者所有。商业转载请联系作者获得授权，非商业转载请注明出处。
风险提示：本文所提到的观点仅代表个人的意见，所涉及标的不作推荐，据此买卖，风险自负。",1
"为进一步加快绿色金融改革创新，聚力我国“3060”双碳战略，中国建设银行新余市分行坚守绿色生态底色，积极探索开发绿色转型金融产品，在江西省首推低碳转型挂钩创新贷款，协同推进钢铁企业降碳、减污、扩绿、增长，为企业转型升级提供综合性金融服务，将绿色金融打造成高质量发展新引擎。



作者：我爱冰天雪地
链接：https://xueqiu.com/3535626685/232238951
来源：雪球
著作权归作者所有。商业转载请联系作者获得授权，非商业转载请注明出处。
风险提示：本文所提到的观点仅代表个人的意见，所涉及标的不作推荐，据此买卖，风险自负。",1
"自2019年洋河$洋河股份(SZ002304)$ 公布员工激励计划，至今将近两年。7月15日下午，洋河终于公告了核心骨干的持股计划，当天的股票收盘价为195.85元。本持股计划购买回购股份的价格为公司回购股份均价，为 103.73 元/股。本持股计划的参与对象为公司董事（不含独立董事）、监事、高级管理人员，以及公司及全资子公司经董事会认定对公司整体业绩和中长期发展具有重要作用的中层及以上人员和核心骨干，参与本持股计划人员总数共计不超过5,100 人。



作者：云帆去哪
链接：https://xueqiu.com/5384094460/190619362
来源：雪球
著作权归作者所有。商业转载请联系作者获得授权，非商业转载请注明出处。
风险提示：本文所提到的观点仅代表个人的意见，所涉及标的不作推荐，据此买卖，风险自负。",1
"在全球温室效应加剧的背景下，欧盟法律规定，家用电器制冷剂的全球变暖潜能值（GWP）必须逐年下降。R32是一种环保型制冷剂，极大地帮助了碳减排，从而缓解了温室效应。在本次展会上，格力展示了R32系列产品，涵盖壁挂式分体式空调、自由火柴&amp-U-Match以及多功能热水器。

作者：泉州李国彬
链接：https://xueqiu.com/8995599040/232230784
来源：雪球
著作权归作者所有。商业转载请联系作者获得授权，非商业转载请注明出处。
风险提示：本文所提到的观点仅代表个人的意见，所涉及标的不作推荐，据此买卖，风险自负。",1
"《晚点 LatePost》独家获悉，腾讯正在对全集团的人才管理制度进行改革，改革方向包括：简化绩效考核、下放晋升权力与强化干部管理。

这也是腾讯继 2019 年 “专业职级体系” 调整后再一次针对人才管理进行的调整。



作者：晚点LatePost
链接：https://xueqiu.com/1786904335/222207678
来源：雪球
著作权归作者所有。商业转载请联系作者获得授权，非商业转载请注明出处。
风险提示：本文所提到的观点仅代表个人的意见，所涉及标的不作推荐，据此买卖，风险自负。",1
"龙光集团在2019年持续提升绿色建筑比例，建造海绵城市，并加入多种环保节能及减排设计，助力适应气候变化。并在土地储备中采用绿色设计的项目达103个。

“海绵城市”就是龙光集团践行绿色生态理念，应用新技术的典型案例。



作者：智芝全研究
链接：https://xueqiu.com/8908850657/212775696
来源：雪球
著作权归作者所有。商业转载请联系作者获得授权，非商业转载请注明出处。
风险提示：本文所提到的观点仅代表个人的意见，所涉及标的不作推荐，据此买卖，风险自负。",1
"经新浪金融研究院统计部分A股上市银行、上市险企高管信息可见，这一观点并非空谈。在255名上市银行、保险高管之中，女性高管仅为19人，约占被统计高管数量的7%。

统计发现，这19名女性高管普遍拥有博士、硕士的高学历水平。观其履历可以发现，这些女性高管多有负责内审、计财、运营等中后台条线的经验或仍在从事相关管理，也有部分女性高管在资负、金融科技等行业前沿深耕打拼



作者：新浪金融研究院
链接：https://xueqiu.com/6125946567/147693735
来源：雪球
著作权归作者所有。商业转载请联系作者获得授权，非商业转载请注明出处。
风险提示：本文所提到的观点仅代表个人的意见，所涉及标的不作推荐，据此买卖，风险自负。",1
"穆迪不断扩展其针对LGBTQ+群体包容性和平等性的政策、计划和活动，在2021年发布了首份《多元、公平和包容性报告》和一份《人权声明》。穆迪公司还继续与赫特里克-马丁研究所(Hetrick-Martin Institute)合作开展“Queer Coders项目，以帮助美国LGBTQ+青少年培养编程技能。



作者：国际文传
链接：https://xueqiu.com/5280991039/210388919
来源：雪球
著作权归作者所有。商业转载请联系作者获得授权，非商业转载请注明出处。
风险提示：本文所提到的观点仅代表个人的意见，所涉及标的不作推荐，据此买卖，风险自负。",1
"除国有资本和经销商看好金徽酒，积极参与本次非公开发行股票外，公司员工对参与本次非公开发行亦是热情高涨。公告显示，金徽酒股份有限公司第一期员工持股计划认购了本次非公开发行股票，持有公司492.86万股股份，占本次发行股份的18.81%。这并不是公司第一次实施员工层面持股，早在金徽酒IPO之前，就通过陇南众惠投资管理中心（有限合伙）、陇南乾惠投资管理中心（有限合伙）实现了公司高级管理人员、中层管理人员、核心技术人员和销售骨干的持股，两者合计持有公司8.88%的股份。通过员工持股，使员工除了享受薪资福利之外，还可以获得股利分红，更多的员工一起享受公司发展成果，提升员工积极性，把公司的发展和个人规划结合起来，共同进步，共同成长。

据悉，金徽酒历来注重关爱员工工作，致力于让金徽员工成为受社会尊重的劳动者，多年来始终坚持实行全员免费就餐、免费住宿、免费体检、全额购买“五险一金”，打通内部晋升渠道，发放生日礼金、结婚礼金、长者慰问金、节假日福利等一系列关爱员工举措，成为西北地区员工福利待遇最好的企业之一



",1
"美股研究社获悉，据人民咨询消息，近日 $百盛集团(03368)$  为员工健康保驾护航，百盛中国为近万名餐厅经理购买医疗险控股有限公司在2021年餐厅经理线上年会上宣布，公司将重磅加码员工福利计划，为近10000名餐厅经理购买百万医疗险，同时全面提升他们家人的重疾保额至20万。



作者：美股研究社
链接：https://xueqiu.com/3582153332/204424960
来源：雪球
著作权归作者所有。商业转载请联系作者获得授权，非商业转载请注明出处。
风险提示：本文所提到的观点仅代表个人的意见，所涉及标的不作推荐，据此买卖，风险自负。",1
"2016年，龙光专门发起成立“龙光慈善基金会”，在捐资助学、乡村振兴、抗疫救灾、产业扶贫、环境保护、社区服务等领域持续发力，赋能乡村振兴，助力共同富裕。

到目前为止，龙光联合龙光慈善基金会，累计开展公益项目560余个，公益足迹遍及全国9省38县区，累计捐赠10亿元，义工服务时间超过5000+小时，义工累计参与超过2000+人次，累计捐助人名币超过2100+万元，实现了良好的社会效益，荣获“中华慈善突出贡献奖”、“全国慈善会基层慈善爱心企业”、“年度扶贫典范奖”等荣誉。



作者：智芝全研究
链接：https://xueqiu.com/8908850657/212775696
来源：雪球
著作权归作者所有。商业转载请联系作者获得授权，非商业转载请注明出处。
风险提示：本文所提到的观点仅代表个人的意见，所涉及标的不作推荐，据此买卖，风险自负。",1
"作为业内最早走上“绿色金融”道路的金融机构，兴证国际积极响应国家碳减排的重大决策部署，致力于绿色融资工具的推广和创新。早在2018年兴证国际就首次承销了境外绿色金融债券。其持续致力于为绿色环保领域的发展提供支持，不断助力实现“碳中和”、“碳达峰”的国家战略重大目标，推动内地及香港经济高质量发展。

作者：格隆汇
链接：https://xueqiu.com/1333325987/231674020
来源：雪球
著作权归作者所有。商业转载请联系作者获得授权，非商业转载请注明出处。
风险提示：本文所提到的观点仅代表个人的意见，所涉及标的不作推荐，据此买卖，风险自负。",1
"在产品包装方面，荣耀官方承诺产品包装以及包装内的印刷品均采用资源消耗少、可再生的大豆油墨来印制，以代替不可再生的石油资源。大豆油墨会替换掉传统油墨中石油溶剂等成分，因此会减少可挥发性污染物，以及其他可能有害健康的物质，分解后也可以完全融入自然环境。目前荣耀所有产品的彩盒包装及资料说明书均采用大豆油墨印刷，这样的绿色行动，带来的益处是显而易见的。这能累计减少了约68吨CO2排放，相当于3778棵树一年吸收的二氧化碳。



作者：易北辰
链接：https://xueqiu.com/4249380323/177802783
来源：雪球
著作权归作者所有。商业转载请联系作者获得授权，非商业转载请注明出处。
风险提示：本文所提到的观点仅代表个人的意见，所涉及标的不作推荐，据此买卖，风险自负。",1
"荣耀内部有一个绿色理念，就是“打造更前沿创新的科技产品，绝不以影响环境为代价”。电子产品的组成非常复杂，在生产过程中会包含一定的环境有害物质。为促进产品更好地回收，防止回收过程中的有毒物质排放，更为了防止废弃物焚烧导致的污染，荣耀从源头上就开始严格禁止有害物质的引入。在有害物质处理方面，荣耀严禁六大有害物质，每年投入上亿元主动消除潜在危害，目前已在所有手机、平板及可穿戴产品中实行，总计消除约2896吨有害物质或材料的使用，让人类的地球家园更安全、更宜居。



作者：易北辰
链接：https://xueqiu.com/4249380323/177802783
来源：雪球
著作权归作者所有。商业转载请联系作者获得授权，非商业转载请注明出处。
风险提示：本文所提到的观点仅代表个人的意见，所涉及标的不作推荐，据此买卖，风险自负。",1
"5月11日，吉利汽车控股有限公司（0175.HK，以下简称“吉利汽车”）完成搭建并发布了《可持续金融框架》（以下简称“框架”），框架取得了国际资本市场权威的“环境、社会与治理”（ESG）评级及研究机构Sustainalytics的第三方意见。该框架同时适用于吉利汽车未来发行绿色、社会、可持续发展债券以及贷款等融资工具。

此次可持续金融框架的发布，有助吉利汽车的可持续发展项目获得适当的融资安排，实践吉利汽车在可持续发展的承诺，并使公司的融资战略向ESG债务发行的全球最佳实践看齐。除此之外，绿色金融还将进一步提升公司的融资效率，降低债务融资成本，拓展公司的多元化融资渠道，使吉利汽车继续保持融资品类及成本上的优势。



作者：蛋卷基金蛋卷基金
链接：https://xueqiu.com/3078239460/219683246
来源：雪球
著作权归作者所有。商业转载请联系作者获得授权，非商业转载请注明出处。
风险提示：本文所提到的观点仅代表个人的意见，所涉及标的不作推荐，据此买卖，风险自负。",1
"2018年11月，浙金信托首单慈善信托——浙金路露笑科技-阿拉善生态保护慈善信托成功落地。

　　据了解，浙金路露笑科技-阿拉善生态保护慈善信托由阿拉善生态基金会、浙商金汇信托股份有限公司共同担任受托人，由露笑科技股份有限公司担任委托人，律所担任监察人，信托财产用于支持中国生态环境保护相关事业，促进绿色生态事业发展。该慈善信托的初始资金规模为50万元人民币，存续期为3年并可延期。",1
"华创阳安(600155)1月8日晚间公告，公司正筹划员工持股计划方案。此次员工持股计划所持有股票累计不超过公司总股本的10%，股票来源为公司回购股票。

作者：金融指数(SZ399190)
链接：https://xueqiu.com/S/SZ399190/119488804
来源：雪球
著作权归作者所有。商业转载请联系作者获得授权，非商业转载请注明出处。
风险提示：本文所提到的观点仅代表个人的意见，所涉及标的不作推荐，据此买卖，风险自负。",1
"日前，苏州生态环境部门部门公布了全国第一件碳排放配额未按期履约违法案件。2022年1月1日，苏州市生态环境综合行政执法局在对张家港某公司开展节日生态环境安全检查中，发现该公司未按时足额清缴2019-2020年度碳排放配额，涉嫌违反《碳排放权交易管理办法（试行）》第十条之规定。目前，苏州生态环境部门已责令企业整改并对该企业违法行为予以立案查处。



作者：碳界
链接：https://xueqiu.com/1422697295/207910818
来源：雪球
著作权归作者所有。商业转载请联系作者获得授权，非商业转载请注明出处。
风险提示：本文所提到的观点仅代表个人的意见，所涉及标的不作推荐，据此买卖，风险自负。",0
"近日，宿州市生态环境局对安徽虹光企业投资集团未按时足额清缴配额的行为进行立案查处，该案件为安徽省首例涉及碳排放配额未按时清缴的环境违法案件。

作者：碳讯网
链接：https://xueqiu.com/4075818434/214395291
来源：雪球
著作权归作者所有。商业转载请联系作者获得授权，非商业转载请注明出处。
风险提示：本文所提到的观点仅代表个人的意见，所涉及标的不作推荐，据此买卖，风险自负。",0
"联想还特别关注到产品在使用阶段的温室气体排放，因为产品70-80%的环境影响，是在消费者使用过程中产生的。自 2008 年以来，联想已经减少了3240吨的包装重量消耗；到2025/26财年，将有90%的PC和60%的智能手机包装将由可回收材料制成。



作者：联想集团官方账号
链接：https://xueqiu.com/6924528856/221792929
来源：雪球
著作权归作者所有。商业转载请联系作者获得授权，非商业转载请注明出处。
风险提示：本文所提到的观点仅代表个人的意见，所涉及标的不作推荐，据此买卖，风险自负。",1
"8月1日，网传浪潮员工加班晕倒登上热搜。对此，浪潮集团回应称，该员工为呼吸性碱中毒，目前身体已恢复正常，将回家休息。据媒体报道，此前，浪潮软件济南办公室因挂鼓励员工加班的标语，包括“白天加白班，不瞌睡；晚上加晚班，睡不着”“大家加，才是真的加，加班真好”““他加我也加，想跑也跑不了”等，引发舆论关注。随后，济南市劳动保障监察支队对该公司进行调查。

作者：和讯财经
链接：https://xueqiu.com/6755337232/226886342
来源：雪球
著作权归作者所有。商业转载请联系作者获得授权，非商业转载请注明出处。
风险提示：本文所提到的观点仅代表个人的意见，所涉及标的不作推荐，据此买卖，风险自负。",0
"生物柴油的原料来源广泛、充足，单以我国每年450万吨的地沟油为原料，生物柴油年产值即可达到250亿水平。

另一方面，生物柴油行业体现了资源循环利用的发展理念，符合社会发展的方向，油料作物等可再生原料的供应量将不断增加，行业产值或达千亿以上，是属于可以孕育出独角兽的行业。

当下，生物柴油行业没有主板上市企业，但在新三板挂牌的企业有5家。基于行业整体现状，五家挂牌企业虽然整体盈利不佳，但隆海生物是目前唯一在市场低迷环境下依靠生物柴油业务实现盈利的新三板企业，且毛利率最高。



作者：读懂财经
链接：https://xueqiu.com/4660283758/97333508
来源：雪球
著作权归作者所有。商业转载请联系作者获得授权，非商业转载请注明出处。
风险提示：本文所提到的观点仅代表个人的意见，所涉及标的不作推荐，据此买卖，风险自负。",1
"7月7日，科大讯飞（002230）与安徽省宣城市泾县签订生态环保和乡村振兴捐赠协议，专项捐赠1000万元用于泾县蔡村镇小康村，重点扶持该村毛竹生态保护和“林下”产业发展，保护生态环境，助力乡村振兴。

作者：科大讯飞(SZ002230)
链接：https://xueqiu.com/S/SZ002230/189900026
来源：雪球
著作权归作者所有。商业转载请联系作者获得授权，非商业转载请注明出处。
风险提示：本文所提到的观点仅代表个人的意见，所涉及标的不作推荐，据此买卖，风险自负。",1
"飞鹤注重环境制度体系的建设，严格遵守《中华人民共和国环境保护法》《中华人民共和国环境影响评价法》等法律法规，并在此基础上制定了公司各项环境通用管理制度，比如《环境保护、健康和安全事故报告及调查程序》、《环境因素识别、评价控制程序》、《环境管理运行控制程序》等等，加强环境制度体系建设。



作者：商业解读者
链接：https://xueqiu.com/8136016415/193582166
来源：雪球
著作权归作者所有。商业转载请联系作者获得授权，非商业转载请注明出处。
风险提示：本文所提到的观点仅代表个人的意见，所涉及标的不作推荐，据此买卖，风险自负。",1
"松花江惊魂，是一场中国本世纪最严重的水域污染事件之一。该事件的主角就是新亚强的前身吉林新亚强生物化工有限公司(以下简称：吉林新亚强)。据多家媒体报道，2010年7月28日，在吉林省吉林市永吉县，吉林新亚强化工厂装有约170吨三甲基乙氯硅烷的原料桶冲入松花江，对松花江环境安全造成巨大隐患。三甲基乙氯硅烷是一种有刺激气味的无色透明液体，具有易燃易爆的特性，受热或遇水分解可释放出有毒的腐蚀性烟气。随即，为了防止水质污染对人体健康造成影响，吉林市不得不停水数日，严重困扰当地的生活生产。事件发生后，吉林省迅速采取措施，在松花江沿途设置8道防线进行拦截。



作者：电鳗快报
链接：https://xueqiu.com/4516855116/156063753
来源：雪球
著作权归作者所有。商业转载请联系作者获得授权，非商业转载请注明出处。
风险提示：本文所提到的观点仅代表个人的意见，所涉及标的不作推荐，据此买卖，风险自负。",0
"近两年国家大力推行“煤改清洁能源”政策，对于农村居民而言，煤改清洁能源最重要的是 “高性价比”，即“用得起”，“可持续”。作为替代燃煤的最佳方式之一，格力空气能凭借环保节能、采暖效果好、舒适度高、故障率低等特性受到了更多的青睐和口碑。
格力发力空气能市场已经有段时日，目前有“红冰”“火凤凰”“热水湾”等多条产品线，可满足消费者多种多样生活需求。部分经销商已经初具规模，并形成持续销售。山东格力通过总结挖掘身边榜样，深入了解其运营理念和方式方法，发现了一批优秀经销商，本次“格力智慧·榜样力量”分享的是莱州市德润新能源科技有限公司。",1
据贵州茅台官微消息，6月3日，茅台集团习水循环园酿酒废弃物资源化利用项目启动仪式在习水县经开区举行。项目占地面积837.18亩，设计产能为年处理酿酒废弃物70万吨。据介绍，项目建成后，通过对酒糟、窖泥、稻草的多层级利用和多路径循环，进而生产有机肥和发酵饲料，在实现酿造资源循环利用的同时，将直接助力全省牛羊产业。,1
"在上海，世茂集团旗下上海佘山世茂洲际酒店、崇明由由世御别墅酒店、佘山茂御臻品之选酒店以及松江世茂睿选酒店、上海虹桥世茂睿选尚品酒店临危受命，或接待援护医疗队，投入抗疫一线保障工作，或作为定点医学观察点，做好防控隔离工作，最终圆满完成接待任务。

在全国多地面临疫情危机时，天津生态城世茂希尔顿、沈阳世茂希尔顿、南京滨江世茂希尔顿、福州世茂洲际等多家酒店毅然决然、守望相助，助力城市防疫工作有序开展。



作者：中访网
链接：https://xueqiu.com/1015390053/225763283
来源：雪球
著作权归作者所有。商业转载请联系作者获得授权，非商业转载请注明出处。
风险提示：本文所提到的观点仅代表个人的意见，所涉及标的不作推荐，据此买卖，风险自负。",1
"会上，美的空调创新研究院主任李金波与中标院佛山绿色发展创新研究院院长鲍威共同发布了美的空调典型产品“碳足迹”及“减碳量”两项技术报告。结果显示，美的空调某款主销高能效空调器产品全生命周期碳足迹为4119.38 kg CO2eq，产品使用阶段碳足迹占比大幅低于普通产品；空调使用阶段每年的碳减排量达135.5 kg CO2eq，相当于种植9棵绿树所产生的碳汇。

作者：家电圈
链接：https://xueqiu.com/4582457192/225494530
来源：雪球
著作权归作者所有。商业转载请联系作者获得授权，非商业转载请注明出处。
风险提示：本文所提到的观点仅代表个人的意见，所涉及标的不作推荐，据此买卖，风险自负。",1
"水面漂浮物方面，2008 年，华新与中国长江三峡集团正式签约，启动了水面漂浮物协同处置项目。该项目在11年即获得""十一五""国家科技支撑计划重大项目示范工程。

危废处理方面，从处理的品类上看，水泥窑可以处理50余种危废中的超过30种。目前公司投入运行的工业危废是武穴工厂，2018 年公司工业危废的在建项目为武穴扩建项目以及两个新建项目，合计超过 5 万吨。

经过多年发展，截至2018年5月，华新已经投产、在建的各类废弃物处理工厂45家，遍布湖北、湖南、河南、广东、重庆、云南、四川等省市。



作者：爱不释手06
链接：https://xueqiu.com/9873142968/114465382
来源：雪球
著作权归作者所有。商业转载请联系作者获得授权，非商业转载请注明出处。
风险提示：本文所提到的观点仅代表个人的意见，所涉及标的不作推荐，据此买卖，风险自负。",1
"近日，BOE（京东方）VUSION系列电子价签产品获得第三方测试、检验和认证机构SGS颁发的产品碳足迹核查评估报告，该报告计算电子价签产品全生命周期的碳足迹能源消耗。作为全球零售领域电子价签产品的首个碳足迹评估报告，本次获颁为碳披露和碳足迹标准制定、碳排放管理体系搭建及完善奠定了技术基础，引领智慧零售行业低碳发展新风向。

作者：南柯梦碎
链接：https://xueqiu.com/3436225335/227310822
来源：雪球
著作权归作者所有。商业转载请联系作者获得授权，非商业转载请注明出处。
风险提示：本文所提到的观点仅代表个人的意见，所涉及标的不作推荐，据此买卖，风险自负。",1
 世界环境日前夕，耐克(NKE)发布了《2016-2017财年可持续发展商业报告》，同时，其可持续发展网站也正式上线。报告显示，耐克已连续四年被公认为行业中使用可回收聚酯材料最多的企业，2017财年，75%的耐克鞋类和服装产品使用了可回收材料。据悉，耐克的目标是通过运动的力量推动世界进步。耐克正在创新21世纪的全新商业模式，在这种模式下，供应链是扁平、环保、平衡发展的，材料和产品都具有可持续性。,1
"《快消品》了解到，在疫情封控期间，对于初期大家面临的缺少物资的困境，钟薛高想法设法的给员工送去物资，解决他们的燃眉之急；而随着封控时间的拉长，大家不可避免的会产生焦虑、恐慌等情绪问题，此时，林盛先生提出，由管理层牵头，与员工组成团队，定期开展玩游戏、云聊天等丰富活动，帮助员工舒缓情绪压力。同时，钟薛高也与专业的心理咨询机构合作，让员工可以更好地疏解疫情所带来的负面情绪。这些举措都体现出了钟薛高对员工的人文关怀。



作者：东方快消品中心
链接：https://xueqiu.com/8014256486/223460405
来源：雪球
著作权归作者所有。商业转载请联系作者获得授权，非商业转载请注明出处。
风险提示：本文所提到的观点仅代表个人的意见，所涉及标的不作推荐，据此买卖，风险自负。",1
"  据悉，美国社交媒体平台脸书解雇了52名员工，原因是他们2014年至2015年间滥用权限窥探用户数据。

  报道称，大多数滥用私人信息的工程师都是男性，有的工程师还窃取了自己爱慕女性的私密信息、私人消息及已删除照片等，他们会利用这些信息去追踪自己感兴趣的女性目标，但不会当面与她们对质。



作者：华商韬略
链接：https://xueqiu.com/8448834584/190696298
来源：雪球
著作权归作者所有。商业转载请联系作者获得授权，非商业转载请注明出处。
风险提示：本文所提到的观点仅代表个人的意见，所涉及标的不作推荐，据此买卖，风险自负。",0
"2014年以来，漳浦县意发石材有限公司在赤岭乡蔡坑矿区长期非法开采，造成大面积山体、植被破坏，下游蔡坑水库沦为“牛奶湖”。经漳浦县初步调查，该公司破坏商品林达201亩，越界开采矿产品评估价值约8200万元。

作者：经济观察报
链接：https://xueqiu.com/3502728586/131373002
来源：雪球
著作权归作者所有。商业转载请联系作者获得授权，非商业转载请注明出处。
风险提示：本文所提到的观点仅代表个人的意见，所涉及标的不作推荐，据此买卖，风险自负。",0
"近日，知乎裁员消息闹得纷纷扬扬，然而诡异的是，主角并不是知乎公司，而是一家自称可以监控员工投简历、登陆求职网站等行为的感知平台。这家公司来自深圳，声称可监测员工离职倾向，3年只需4万元，就可以提供员工“离职动向”。并且晒出了一名员工访问求职网站23次，投递简历9次，含关键词的聊天记录254条等涉及到员工隐私的内容。裁员加泄露隐私，双料齐爆，一时间引发热议。



作者：启盈门
链接：https://xueqiu.com/9016361327/211536100
来源：雪球
著作权归作者所有。商业转载请联系作者获得授权，非商业转载请注明出处。
风险提示：本文所提到的观点仅代表个人的意见，所涉及标的不作推荐，据此买卖，风险自负。",0
"华润材料（301090.SZ）11月4日在投资者互动平台表示，公司产品为食品级聚酯瓶片是一种可回收再利用的材料，公司一直在持续关注行业的前沿发展技术趋势，包括但不限于可降解塑料技术

作者：每日经济新闻
链接：https://xueqiu.com/4642157440/202159520
来源：雪球
著作权归作者所有。商业转载请联系作者获得授权，非商业转载请注明出处。
风险提示：本文所提到的观点仅代表个人的意见，所涉及标的不作推荐，据此买卖，风险自负。",1
"据了解，为降低人工管控无法排除商品内在质量问题的风险，孩子王已和南京市产品质量技术监督检验院NQI、CTI华测、EMTEK信测、TUV南德意志等国内知名第三方检测机构开展深度合作，不定期对在售商品展开匿名抽检，对于不合格产品，将从严处理。针对特殊食品、化妆品等产品，孩子王自2021年起已实现产品批次管理，从供应商送货到物流/门店收货均会上传/查验批次合格证明。

作者：飞鱼财经
链接：https://xueqiu.com/9035988091/219833450
来源：雪球
著作权归作者所有。商业转载请联系作者获得授权，非商业转载请注明出处。
风险提示：本文所提到的观点仅代表个人的意见，所涉及标的不作推荐，据此买卖，风险自负。",1
"沃森学院从2020年开始，启动了“沃森生物战略人才工程四大项目”，包含：EMBA课程、MBA课程、疫苗科学素养课程和君子人格与管理者修养课程。其中疫苗科学素养班1期待课程已于2021年4月顺利结业，并在2021年9月开启第2期课程；四大项目以学历、岗位及专业性质为基础定制培训课程，不断普及专业知识；推进各部门、岗位之间的协调配合，提升全员素质，提高工作效率与工作质量，促进全员成长；改善管理习惯、提升管理效能，推动公司管理规范化、智能化，凝聚核心竞争力，为实现公司发展战略夯实基础。



作者：好公司长期拿
链接：https://xueqiu.com/3537625901/216454944
来源：雪球
著作权归作者所有。商业转载请联系作者获得授权，非商业转载请注明出处。
风险提示：本文所提到的观点仅代表个人的意见，所涉及标的不作推荐，据此买卖，风险自负。",1
"集团北京总部在迎新生日会在继承传统环节外，举办了以“激情、健康”为主题的“plank挑战赛”，即平板支撑比赛。此项健身方式可有效锻炼腹部，远离下背疼痛且简单易行，是现在最火爆的全民风潮运动。这次挑战赛分为男子组、女子组，参加者挑战自我极限，拉拉队员热情助威，随着不断刷新的成绩，现场掀起一个又一个的高潮，使新、老员工深切感受到东方大家庭的活力、东方员工的热情。员工迎新生日会是企业文化的缩影，本期活动也为已经走过4个年头的员工迎新生日会赋予了新的使命，保持员工激情，美丽健康工作。



作者：OrientGroup
链接：https://xueqiu.com/1784300254/171240585
来源：雪球
著作权归作者所有。商业转载请联系作者获得授权，非商业转载请注明出处。
风险提示：本文所提到的观点仅代表个人的意见，所涉及标的不作推荐，据此买卖，风险自负。",1
"　2021年4月21日13时43分，绥化安达市黑龙江凯伦达科技有限公司发生一起中毒窒息事故，造成4人死亡、9人中毒受伤，直接经济损失约873万元。

　　事故发生在三车间制气工段制气釜停工检修过程中。初步分析事故的主要原因是，在4个月的停产期间，制气釜内气态物料未进行退料、隔离和置换，釜底部聚集了高浓度的氧硫化碳与硫化氢混合气体，维修作业人员在没有采取任何防护措施的情况下，进入制气釜底部作业，吸入有毒气体造成中毒窒息。在抢救过程中救援人员在没有防护措施的情况下多次向釜内探身、呼喊、拖拽施救，致使现场9人不同程度中毒受伤



作者：中国网财经
链接：https://xueqiu.com/9293278021/194772469
来源：雪球
著作权归作者所有。商业转载请联系作者获得授权，非商业转载请注明出处。
风险提示：本文所提到的观点仅代表个人的意见，所涉及标的不作推荐，据此买卖，风险自负。",0
"收购金泰阁、天奇锂致布局动力电池回收，持续投资不断加码。2017年公司着手布局动力电池回收业务，2017-2020年期间，公司累计投资超过9.34亿元，实现对动力电池回收行业优质标的金泰阁和锂致实业的控股，成功延展汽车产业链。根据公司2021年6月及8月公告，公司拟投资50亿元用于退役动力电池、锂电池梯次利用及三元前驱体生产项目、投资4.4亿元用于废旧锂电池综合利用扩产技改项目，加大产业布局力度，推进公司退役动力电池全生命周期管理进程。



作者：钻石研报
链接：https://xueqiu.com/4952203144/216121731
来源：雪球
著作权归作者所有。商业转载请联系作者获得授权，非商业转载请注明出处。
风险提示：本文所提到的观点仅代表个人的意见，所涉及标的不作推荐，据此买卖，风险自负。",1
"国家有关部门对高寒区露天采矿的弃土弃渣堆放、草皮层剥离养护等有明确要求。督察发现，那曲市、色尼区对矿山生态保护与恢复治理工作监督管理不力，部分企业履行“谁开采、谁治理，边开采、边治理”责任不到位，甚至只开采不治理，对高寒草原生态造成严重破坏。其中，中建交通建设工程(西藏)有限公司1号砂石料场共计占用破坏草地面积12.1万平方米，直到此次督察进驻后才准备实施生态修复治理。现场督察发现，大量剥离废石随意堆弃在山坡上，压占破坏草地；部分剥离的草皮层随意堆放，没有做到规范养护，基本丧失移植恢复价值。此外，罗玛镇五村砂石矿2018年7月就已关闭，但其破坏的近10万平方米草地至今未完成生态修复；鑫湖商贸有限公司砂石料场未落实草皮层剥离养护要求，大量砂石压占草地1.8万平方米。



作者：中国网财经
链接：https://xueqiu.com/9293278021/217024467
来源：雪球
著作权归作者所有。商业转载请联系作者获得授权，非商业转载请注明出处。
风险提示：本文所提到的观点仅代表个人的意见，所涉及标的不作推荐，据此买卖，风险自负。",0
"水面漂浮物方面，2008 年，华新与中国长江三峡集团正式签约，启动了水面漂浮物协同处置项目。该项目在11年即获得""十一五""国家科技支撑计划重大项目示范工程。

危废处理方面，从处理的品类上看，水泥窑可以处理50余种危废中的超过30种。目前公司投入运行的工业危废是武穴工厂，2018 年公司工业危废的在建项目为武穴扩建项目以及两个新建项目，合计超过 5 万吨。

经过多年发展，截至2018年5月，华新已经投产、在建的各类废弃物处理工厂45家，遍布湖北、湖南、河南、广东、重庆、云南、四川等省市。



作者：爱不释手06
链接：https://xueqiu.com/9873142968/114465382
来源：雪球
著作权归作者所有。商业转载请联系作者获得授权，非商业转载请注明出处。
风险提示：本文所提到的观点仅代表个人的意见，所涉及标的不作推荐，据此买卖，风险自负。",1
"上市公司实控人、股东或者高管向公益组织大手笔捐赠的故事，并不鲜见。然而，比亚迪执行副总裁李柯捐赠价值1.6亿元股票的新闻，还是引起了资本市场的热议。

作者：比亚迪(SZ002594)
链接：https://xueqiu.com/S/SZ002594/227494802
来源：雪球
著作权归作者所有。商业转载请联系作者获得授权，非商业转载请注明出处。
风险提示：本文所提到的观点仅代表个人的意见，所涉及标的不作推荐，据此买卖，风险自负。",1
"5月10日，国电电力（600795）大同公司纪委办公室组织开展《配合外部单位审查调查工作管理办法》宣贯培训会议。

　　该公司纪委为了能够及时掌握部门及职工个人涉及系统外部单位调查事项配合工作，便于抓苗头、早预防、早应对，结合工作实际，统一筹划，在征求各职能部门的意见建议的基础上，研究制定了《配合外部单位审查调查工作管理办法》，为该公司人员配合系统外部单位审查调查具体流程和需要履行的程序提供了根本遵循。《配合外部单位审查调查工作管理办法》分为六部分内容，配套三个表单，主要从配合外部单位审查调查工作情况和个人被外部单位传唤配合审查调查工作情况应当履行的程序作了相关规定。该制度是该公司纪委按照用制度规范企业管理的理念，以“可操作性、系统性、合法性、平等性”为基本原则，按照上级的制度要求开拓思路、与时俱进、探索创新，确保配合工作有章可循，有章可依，克服人员用惯性思维处理问题的现象，有效地提升企业规范化管理水平。",1
"八宿海螺水泥有限公司(以下简称八宿水泥)石灰岩矿山未落实环评“边生产边治理”要求，没有采取作业区及运矿道路洒水降尘、堆存物料防尘苫盖等抑尘措施。



作者：中国网财经
链接：https://xueqiu.com/9293278021/216196032
来源：雪球
著作权归作者所有。商业转载请联系作者获得授权，非商业转载请注明出处。
风险提示：本文所提到的观点仅代表个人的意见，所涉及标的不作推荐，据此买卖，风险自负。",0
"美年健康集团视员工为企业最大的财富，让员工获得精神和物质两方面的幸福是美年的企业宗旨所在。“感恩答谢美年人”是2022年美年“感恩季”活动的一个重要内容。预防从自身及家人做起，为了感谢美年全体6万多名员工过往在工作岗位上的勤勉付出，虎年新春伊始，各地美年体检中心特别安排了“员工及家属关怀日”活动，为每位员工及其两位家属进行免费体检，让每一位美年人和他们的家人做到“早检查、早预防”，防患于未然。



作者：美年健康集团
链接：https://xueqiu.com/9233876379/211500499
来源：雪球
著作权归作者所有。商业转载请联系作者获得授权，非商业转载请注明出处。
风险提示：本文所提到的观点仅代表个人的意见，所涉及标的不作推荐，据此买卖，风险自负。",1
"据青黄综法罚字[2021]第202104021号：国电电力胶南风力发电有限公司，2020年开始在黄岛区大村镇、王家前夼村西、胡家前夼村北，胡家前夼村西、王家前夼村南，市美村西、西茶沟村北，西茶沟村西、西北河崖村北，西茶沟村西、黄大路东，西龙古村西、桃山村北，西龙古村西、桃山村北，西龙古村西、桃山村北，西龙古村西、桃山村北，西龙古村西、桃山村北，桃山村东、林子村北，前龙古村西、林子村北，庙子山村南、管家村西，封家小庄村西、子罗村北。14处地块未经批准，非法占用青岛市黄岛区大村镇王家前夼村集体土地324平方米，胡家前夼村集体土地121平方米（林地203平方米），市美村集体土地352平方米，西茶沟村集体土地324平方米，西河崖村集体土地390平方米，西北龙古村集体土地810平方米（林地525平方米），桃山村村集体土地648平方米，前龙古村集体土地196平方米（林地128平方米），庙子山村集体土地171平方米（林地153平方米），重罗山村集体（林地324平方米），占用土地总面积4630平方米，涉嫌未经批准非法占用土地。



作者：青岛精选
链接：https://xueqiu.com/6679736674/224532243
来源：雪球
著作权归作者所有。商业转载请联系作者获得授权，非商业转载请注明出处。
风险提示：本文所提到的观点仅代表个人的意见，所涉及标的不作推荐，据此买卖，风险自负。",0
"BIPV(光伏建筑一体化)第四季度有望加速发展，这种电池成BIPV最优解。特斯拉计划在第四季度 重启屋顶光伏项目 在全球降碳浪潮中，光伏发电作为技术成熟、成本领先的清洁能源，行业景气度持续高企，吸引全球企业纷纷布局光伏发电。

作者：特斯拉(TSLA)
链接：https://xueqiu.com/S/TSLA/232088390
来源：雪球
著作权归作者所有。商业转载请联系作者获得授权，非商业转载请注明出处。
风险提示：本文所提到的观点仅代表个人的意见，所涉及标的不作推荐，据此买卖，风险自负。",1
"内蒙古伊利实业集团股份有限公司（简称“公司”）为加快公司奶酪业务的发展，激发奶酪业务内生动力，计划在业务发展初创期引入核心员工持股平台，拟与核心员工持股平台共同向公司的全资子公司内蒙古伊家好奶酪有限责任公司（简称“伊家好奶酪”）进行增资。公司拟以现金出资28,720万元，拟设立核心员工持股平台以现金出资31,280万元。增资完成后，公司持有伊家好奶酪60%的股权，拟设立核心员工持股平台持有伊家好奶酪40%的股权，伊家好奶酪注册资本由2,000万元变更为10,000万元，资本公积由零变更为52,000万元，公司仍为伊家好奶酪的控股股东。 

这是带领员工共同富裕；如果员工共同持股，能够激励员工，把奶酪业务发展起来认为是值得的。一件事需要两面来看；很多公司都在搞股权激励例如，泸州老窖，前几年的五粮液。本质都是希望核心骨干大家一起把业绩做上去。现在如果能够激励一些股权，把业绩做大，未尝不是一件好事。



作者：芒格信徒
链接：https://xueqiu.com/1207895393/199178070
来源：雪球
著作权归作者所有。商业转载请联系作者获得授权，非商业转载请注明出处。
风险提示：本文所提到的观点仅代表个人的意见，所涉及标的不作推荐，据此买卖，风险自负。",1
"公司从2007年开始启动电子废弃物循环利用的关键技术研究与产业化，目前已在江西、湖北、河南、山西与内蒙古等省建设了6个先进电子废弃物绿色处置园区，拥有6个电子废弃物处理资质许可，总资质许可能力达到1260万台，总处理量占全国的10%以上。



作者：长风金融客
链接：https://xueqiu.com/6292223557/203265449
来源：雪球
著作权归作者所有。商业转载请联系作者获得授权，非商业转载请注明出处。
风险提示：本文所提到的观点仅代表个人的意见，所涉及标的不作推荐，据此买卖，风险自负。",1
"长期以来，安科生物积极响应国家节水行动，持续提高节水降耗成效，近三年万元产值新水量逐年递减，成效明显。主要得益于公司综合保障中心持续加强企业用水管理，积极采用节水器具、加强供水管网漏水检测、开展节水改造等工作，并取得积极成效。2021年，公司顺利完成合肥市节水型企业创建工作，并通过了水平衡测试的验收工作，数据表明：水平衡测试期间，公司整体用水合理，节水措施得当，重复用水量7398.2㎡，重复利用率94.7%。

作者：安科生物
链接：https://xueqiu.com/9361459929/231595717
来源：雪球
著作权归作者所有。商业转载请联系作者获得授权，非商业转载请注明出处。
风险提示：本文所提到的观点仅代表个人的意见，所涉及标的不作推荐，据此买卖，风险自负。",1
生态环境部网站消息，2021年4月，中央第七生态环境保护督察组对广西壮族自治区开展督察发现，梧州岑溪市推进中央生态环境保护督察整改不力，对花岗岩矿山综合整治缺乏整体谋划，绿色矿山创建流于形式，闭坑矿山环境治理恢复工作严重滞后，粗放开采问题突出，随意倾倒弃土弃石、洗砂废泥等现象普遍，矿区及周边晴天尘土漫天，雨天泥水横流，生态破坏和环境污染严重，群众反映强烈。,0
"携程宣布，3月1日开始，每周三、周五，公司各事业部、职能部门可根据实际管理需求，实行或逐步推行1-2天的混合办公。 携程2021年的混合办公试验数据显示，对绩效无明显影响，6成员工强烈支持，离职率下降三分之一 。
携程集团董事局主席梁建章表示：混合办公制度的推广是企业、员工和社会的多赢。还有利于减少交通堵塞、环境保护；缓解高房价和地区间差异；另外有利于家庭和谐、女性职业发展和提高生育率。",1
"日前，高露洁与公司技术研发团队共同推出的新型可回收牙膏用塑料薄膜项目顺利通过高露洁（全球）技术认证，这在永新股份（002014）与高露洁（全球）的战略合作上具有里程碑意义，也标志着高露洁与永新股份在绿色包装可持续发展的研发上迈上了新台阶。

　　作为高露洁（全球）的战略合作伙伴和卓越供应商，此次牙膏用薄膜可回收项目的成功验证，是双方战略互信的成果，更是高露洁与永新股份在全球绿色循环经济道路上携手共进的见证。未来，公司将和高露洁（全球）共同努力，立足“包装2025”战略，持续开发推广单一材质、可回收等环境友好型材料，推进柔性包装的设计应用，争当中国塑料软包装行业绿色可持续发展的领跑者。",1
"在防疫安全方面，苏宁物流积极组织员接种新冠疫苗。目前，苏宁物流85%以上区域已经组织推动疫苗接种，上海、昆明、青岛、乌鲁木齐、杭州、深圳等多地快递员已完成首批次第1针剂的接种。对于地区政策要求上门配送人员需要进行核酸检测的，相关检测费用由公司承担。为让用户更安心，快递员在配送时，除严格执行“无接触配送”外，还将携带标注快递员体温、疫苗接种等信息的“安心卡”上岗。



作者：创投内参
链接：https://xueqiu.com/7419857303/170626966
来源：雪球
著作权归作者所有。商业转载请联系作者获得授权，非商业转载请注明出处。
风险提示：本文所提到的观点仅代表个人的意见，所涉及标的不作推荐，据此买卖，风险自负。",1
"华润材料（301090.SZ）11月4日在投资者互动平台表示，公司产品为食品级聚酯瓶片是一种可回收再利用的材料，公司一直在持续关注行业的前沿发展技术趋势，包括但不限于可降解塑料技术

作者：每日经济新闻
链接：https://xueqiu.com/4642157440/202159520
来源：雪球
著作权归作者所有。商业转载请联系作者获得授权，非商业转载请注明出处。
风险提示：本文所提到的观点仅代表个人的意见，所涉及标的不作推荐，据此买卖，风险自负。",1
"美的被裁员工喊话，方洪波：艰难选择，深感惭愧 美的集团优化人员证实。日前，脉脉平台出现了一条，美的集团很高比例裁员的传闻。5月19日，美的集团回应：今年，鉴于对内外部环境的判断，公司有序收缩

作者：美的集团(SZ000333)
链接：https://xueqiu.com/S/SZ000333/220573550
来源：雪球
著作权归作者所有。商业转载请联系作者获得授权，非商业转载请注明出处。
风险提示：本文所提到的观点仅代表个人的意见，所涉及标的不作推荐，据此买卖，风险自负。",0
"截至今年上半年，中国平安已升级贫困地区乡村小学1054所，培训村小教师1.41万名，惠及贫困学生30余万人；升级乡村地区卫生所1228所，支持培训乡村医生1.18万人，健康检测筛查覆盖贫困地区人口11万余人；提供扶贫及产业振兴帮扶资金497.2亿元，从“村教”“村医”“村官”多维度支持乡村建设。

作者：华尔街学堂Talk
链接：https://xueqiu.com/7673771430/232190065
来源：雪球
著作权归作者所有。商业转载请联系作者获得授权，非商业转载请注明出处。
风险提示：本文所提到的观点仅代表个人的意见，所涉及标的不作推荐，据此买卖，风险自负。",1
"金发科技的产品以自主创新开发为主，覆盖了改性塑料、环保高性能再生塑料、完全生物降解塑料、特种工程塑料、碳纤维及复合材料、轻烃及氢能源和医疗健康高分子材料产品等7大类自主知识产权产品。金发科技材料以其良好的环境友好度和卓越的性能远销全球130多个 国家和地区，为全球1000多家知名企业提供服务。公司目前改性塑料产能达到220万吨，约占到国内市场份额10%左右，是国内也是亚太 地区最大的改性塑料生产企业。

作者：心心相印o
链接：https://xueqiu.com/6351082895/231820732
来源：雪球
著作权归作者所有。商业转载请联系作者获得授权，非商业转载请注明出处。
风险提示：本文所提到的观点仅代表个人的意见，所涉及标的不作推荐，据此买卖，风险自负。",1
"近日，南山铝业（600219）下属龙口南山铝压延新材料有限公司和烟台东海铝箔有限公司顺利完成了必维认证有限公司进行的ISO 14067碳足迹核查，并获得了罐体料、罐盖拉环料、包装铝箔、电池铝箔等产品碳足迹查证声明书。

作者：南山铝业(SH600219)
链接：https://xueqiu.com/S/SH600219/222000931
来源：雪球
著作权归作者所有。商业转载请联系作者获得授权，非商业转载请注明出处。
风险提示：本文所提到的观点仅代表个人的意见，所涉及标的不作推荐，据此买卖，风险自负。",1
"为此，$乐心医疗(SZ300562)$联合“微医”平台，集结全国万余名专业医生，开设线上医疗问诊专区，免费为大家提供在线问诊服务，旨在阻击疫情扩散，缓解医疗压力，通过互联网医院空援疫区、抗击疫情，同时可了解疫情动态、疫情防御等知识

作者：粒场财经
链接：https://xueqiu.com/2238656195/140631661
来源：雪球
著作权归作者所有。商业转载请联系作者获得授权，非商业转载请注明出处。
风险提示：本文所提到的观点仅代表个人的意见，所涉及标的不作推荐，据此买卖，风险自负。",1
"9月27日，合成生物公司“微构工场”宣布与餐饮用具提供商“恒鑫生活”达成战略合作，双方将基于PHA（聚羟基脂肪酸酯）与PLA（聚乳酸）材料的共混改性共同开发生物可降解材料，提升当前产品性能并推动产业化升级。此次合作将是PHA材料在商业落地方面的重要尝试。

作者：财经涂鸦
链接：https://xueqiu.com/6741233383/231821869
来源：雪球
著作权归作者所有。商业转载请联系作者获得授权，非商业转载请注明出处。
风险提示：本文所提到的观点仅代表个人的意见，所涉及标的不作推荐，据此买卖，风险自负。",1
2021年，为助力国家“碳达峰”“碳中和”，悟空出行创建白龙马智行品牌，专注新能源汽车领域租赁业务的发展。如今，漫游纪品牌亮相，将垂直新能源汽车租赁C端消费者，打造“新能源汽车租赁+自驾游”模式结合，漫游纪车辆将全面尝试以新能源车作为主打车型。除了首批大众ID、小鹏P7、特斯拉系列车型之外，漫游纪品牌未来将陆续投入更多的新能源车运营服务。,1
"  通过线上义诊，专家们即可远程为患者开出诊疗意见，当地患者足不出户就可以享受到上海优质的医疗资源。积极推进义诊形式多样化，更高效为老区人民送去公益救助。

  义诊前，工作人员根据病种将患者分为耳畸形头面畸形、唇腭裂、瘢痕和疤痕体表肿物或残疾、眼部等五大部分。义诊开始后，患者根据病种排队，依次上线，专家根据患者在线表述、观察视频另一侧患者的情况，进行诊断并详细记录。



作者：沉浸式
链接：https://xueqiu.com/4400524264/202579003
来源：雪球
著作权归作者所有。商业转载请联系作者获得授权，非商业转载请注明出处。
风险提示：本文所提到的观点仅代表个人的意见，所涉及标的不作推荐，据此买卖，风险自负。",1
"区域性商业银行应坚持立足当地市场、服务区域经济的定位，全力支持区域经济低碳转型和可持续发展。北京银行作为北京市属金融机构，始终紧跟北京市委市政府决策部署，在服务首都绿色发展方面不断作出新的探索与尝试；尤其是“双碳”目标提出以来，发布“绿融+”绿色金融品牌、成立通州绿色支行，发行银行间市场全国首单“碳中和”小微金融债，为首都北京打造绿色金融国际中心持续贡献自身力量。



作者：环球老虎财经
链接：https://xueqiu.com/5710624967/198933699
来源：雪球
著作权归作者所有。商业转载请联系作者获得授权，非商业转载请注明出处。
风险提示：本文所提到的观点仅代表个人的意见，所涉及标的不作推荐，据此买卖，风险自负。",1
"秉持可持续发展的理念，旭辉始终致力更高的绿色建筑标准，要求旗下所有住宅产品必须至少满足绿色建筑一星标准，所有新商业综合体项目必须满足绿色建筑二星标准。据旭辉ESG报告披露，2021年，旭辉竣工的项目中符合绿色建筑标准的建筑面积达到16,155,760平方米，占竣工项目总建筑面积76.8%，34个项目获得绿色建筑认证，其中20个项目获得二星及以上认证。



作者：旭辉集团
链接：https://xueqiu.com/5886859254/227185902
来源：雪球
著作权归作者所有。商业转载请联系作者获得授权，非商业转载请注明出处。
风险提示：本文所提到的观点仅代表个人的意见，所涉及标的不作推荐，据此买卖，风险自负。",1
"比如，2019年7月，常熟市海虞镇人民政府对华道股份罚款5万元。处罚原因为，华道股份存在未根据生产、储存的危险化学品的种类和危险特性，在作业场所设置相关安全设施、设备的行为

作者：IPO日报
链接：https://xueqiu.com/7661862394/215982710
来源：雪球
著作权归作者所有。商业转载请联系作者获得授权，非商业转载请注明出处。
风险提示：本文所提到的观点仅代表个人的意见，所涉及标的不作推荐，据此买卖，风险自负。",0
"乳制品行业是与自然生态息息相关的行业，实现乳品生产与生态协同发展已成为每个乳企可持续经营的重要目标。蒙牛集团早在2019年就将“可持续发展”升级为集团战略，将可持续发展融入蒙牛基因，并把保护生物多样性作为可持续发展战略的关键议题，以“予自然 共绽放”为远景，全面推动生物多样性保护的各项工作。

李鹏程表示，蒙牛拥有从牧场到餐桌的超长产业链，生物多样性保护、生态产品价值实现至关重要。作为行业龙头，蒙牛已经做出生物多样性保护“八大承诺”，不仅要为消费者提供营养产品，还要打造更高生态价值的产品，为共建地球生命共同体做出自己的贡献。



作者：前哨证券
链接：https://xueqiu.com/2894485424/200347226
来源：雪球
著作权归作者所有。商业转载请联系作者获得授权，非商业转载请注明出处。
风险提示：本文所提到的观点仅代表个人的意见，所涉及标的不作推荐，据此买卖，风险自负。",1
"公告显示，本员工持股计划的对象包括公司部分董事、高级管理人员、监事；总部主要为商品采销体系、互联网运营体系、服务体系、技术开发及职能体系的核心部门负责人；在区域层面，涵盖了区域负责人、区域商品采销、运营、物流售后、连锁店开发及职能管理的部门负责人；本次持股计划公司也将四大终端，包括销售终端、物流终端、售后服务终端、科技终端的优秀员，尤其是长期以来融入公司，积极发挥自身专业能力服务消费者的一线优秀人员也纳入。

公告称，本次激励主要面向直接承担经营管理责任、直接为公司创造效益的一线经营人员和各体系的有潜力的业务骨干，持有份额的比例达到了98.86%，尤其是四大终端一线骨干人员的持有比例为10-15%。



作者：苏宁易购
链接：https://xueqiu.com/3765323641/226313220
来源：雪球
著作权归作者所有。商业转载请联系作者获得授权，非商业转载请注明出处。
风险提示：本文所提到的观点仅代表个人的意见，所涉及标的不作推荐，据此买卖，风险自负。",1
"据了解，随着“健康中国2030”的逐步推进，越来越多的企业，开始更加重视员工的身心健康管理。作为行业内的代表企业，好人生咨询为企业提供“员工健康福利计划&H-EAP”已超过14年，突破性的将“单一的心理干预”升级为“身心全方位关爱”，从“问题解决”转变为“预防问题发生”，为雇主提供包括员工吸引、员工关爱、员工发展在内的多个场景的支持，目前已覆盖了数十个行业、数百家企业，包括众多行业的标杆企业，更获得重要媒体的多次报道。



作者：亿欧网
链接：https://xueqiu.com/3191247421/192428533
来源：雪球
著作权归作者所有。商业转载请联系作者获得授权，非商业转载请注明出处。
风险提示：本文所提到的观点仅代表个人的意见，所涉及标的不作推荐，据此买卖，风险自负。",1
"9月11日，由韶关市生态环境局仁化分局，尾矿库工程建设、监理、环境监测等单位专家组成的验收组对中金岭南凡口矿尾矿库生态恢复II期工程进行检查，并对照《建设项目竣工环境保护验收暂行办法》等技术规范要求，审查项目验收资料，认为该项目具备竣工环境保护验收条件，一致同意通过验收。

作者：克拉克_Clark
链接：https://xueqiu.com/7705890239/198418836
来源：雪球
著作权归作者所有。商业转载请联系作者获得授权，非商业转载请注明出处。
风险提示：本文所提到的观点仅代表个人的意见，所涉及标的不作推荐，据此买卖，风险自负。",1
"温氏松岭门种猪一场、二场位于辽宁省朝阳市朝阳县松岭门蒙古族乡。温氏松岭门种猪一场、二场实际上跟温氏食品集团股份有限公司只是合作关系，此猪场老板自主经营，相当于温氏的一个定点合作养殖场。在生产上、管理上、各项环保等设施的配套上并没有跟温氏接轨。

温氏松岭门种猪一场、二场在养殖过程中产生的污水及粪便，通过简单的沉淀以后，经过数百米的管道输送到养殖场后面的山顶，在山顶又分成几个排放口，任由污水及粪便满山遍野的排放，有的甚至都排到了山下村民的农田里。

养猪场污染主要为猪粪与污水，只有将粪污进行无害化处理，才不会对周围土壤、水源以及空气等造成污染，如此直排的情况已经严重影响了周边的生态环境！



作者：乡镇企业导报
链接：https://xueqiu.com/6296396274/226551358
来源：雪球
著作权归作者所有。商业转载请联系作者获得授权，非商业转载请注明出处。
风险提示：本文所提到的观点仅代表个人的意见，所涉及标的不作推荐，据此买卖，风险自负。",0
"环清环境成立于2017年，公司总部位于国家双创基地。公司首席专家是清华大学能源与动力工程系资源环境研究组负责人张衍国教授。张教授带领其研究团队成功开发出符合我国国情的农村多种污染源处理技术，该技术实现农村生活垃圾及农林废弃物的能源化与资源化利用。



作者：35斗
链接：https://xueqiu.com/5447970037/229008951
来源：雪球
著作权归作者所有。商业转载请联系作者获得授权，非商业转载请注明出处。
风险提示：本文所提到的观点仅代表个人的意见，所涉及标的不作推荐，据此买卖，风险自负。",1
"通用汽车与LG化学成立电池合资公司Ultium Cells以量产Ultium电池，提升其在美国新能源汽车市场所占份额。Ultium Cells将与Li-Cycle合作处理生产废料，预计在今年实现对电池生产过程中所产生的废料进行回收。



作者：车云网
链接：https://xueqiu.com/8770626514/179876775
来源：雪球
著作权归作者所有。商业转载请联系作者获得授权，非商业转载请注明出处。
风险提示：本文所提到的观点仅代表个人的意见，所涉及标的不作推荐，据此买卖，风险自负。",1
"IPO捕手获悉，据36氪消息，SOC Investment Group周三致信Rivian董事会成员，要求Rivian在与美国监管机构敲定最终IPO S-1文件之前先对人权、供应链进行严格评估。SOC认为Rivian未能解决好人权问题及电池带来的环保问题，可能会面临监管、诉讼、声誉风险，它希望Rivian在11月3日之前给出回应。目前Rivian提交的S-1文件对这些问题避而不谈。



作者：IPO捕手
链接：https://xueqiu.com/3560809328/200691600
来源：雪球
著作权归作者所有。商业转载请联系作者获得授权，非商业转载请注明出处。
风险提示：本文所提到的观点仅代表个人的意见，所涉及标的不作推荐，据此买卖，风险自负。",0
"新天科技（300259.SZ）8月29日在投资者互动平台表示，公司智慧农业节水产品可以实现节水灌溉，对水资源的节约有一定的促进。



作者：每日经济新闻
链接：https://xueqiu.com/4642157440/229335264
来源：雪球
著作权归作者所有。商业转载请联系作者获得授权，非商业转载请注明出处。
风险提示：本文所提到的观点仅代表个人的意见，所涉及标的不作推荐，据此买卖，风险自负。",1
"在家电产品选材上，海尔智家众多产品都采用低碳环保材料，不仅能降低碳排放，还能回收循环再利用。同时在产品的功能设计上，海尔智家更是兼顾功能与体验，推出“可以洗空气的空调”等一系列绿色、低碳新物种。同样，在绿色经营上，海尔智家拥有全球首个碳中和“灯塔基地”海尔中德智慧园区，一举奠定其在产业领跑者地位；此外，海尔莱西再循环互联工厂一期项目，每年以拆解200万台废旧家电、改性造粒3万吨等能力，成为家电回收拆解行业的先行者。

比如，海尔博观冰箱是行业首个低碳聚氨酯材料冰箱，聚氨酯是绿色可回收材料，与传统原料相比降低50%碳排放。最让行业没想到的是，等到冰箱使用生命周期结束后，海尔智家还会对其进行回收循环再利用，实现全程跟踪全面践行“双碳”战略；领跑世界的海尔磁悬浮中央空调原创磁悬浮离心技术，能为建筑节能提高50%，省电则达一半以上。海尔燃电混动热水器，通过在清洁能源方案和节能技术方面的创新，大幅减少二氧化碳排放。



作者：家电圈
链接：https://xueqiu.com/4582457192/227593256
来源：雪球
著作权归作者所有。商业转载请联系作者获得授权，非商业转载请注明出处。
风险提示：本文所提到的观点仅代表个人的意见，所涉及标的不作推荐，据此买卖，风险自负。",1
"6月3日，苏文电能教育发展基金捐赠仪式在常州市中吴实验学校举行。从今年起，苏文电能每年向常州教育基金会捐赠100万元，连续10年共计1000万元，用于职业教育发展，奖励产教融合、普职融通、现代学徒制等项目

作者：风财讯
链接：https://xueqiu.com/1248169152/181992292
来源：雪球
著作权归作者所有。商业转载请联系作者获得授权，非商业转载请注明出处。
风险提示：本文所提到的观点仅代表个人的意见，所涉及标的不作推荐，据此买卖，风险自负。",1
"宏源药业一贯重视环境保护，确保项目建设和生产经营符合国家环保相关法律法规要求，宏源药业制定了多种环境保护相关制度，明确各个部门及员工的环保责任，对环保设施管理、环境卫生管理、废弃物及固废管理、废水及废气管理、环保事故管理、设备检修及建设项目环保管理、环境信息资料管理和环保考核管理等方面进行了明确规定，确保环境保护工作制度化和规范化。

作者：金锋时机
链接：https://xueqiu.com/1226971622/228830721
来源：雪球
著作权归作者所有。商业转载请联系作者获得授权，非商业转载请注明出处。
风险提示：本文所提到的观点仅代表个人的意见，所涉及标的不作推荐，据此买卖，风险自负。",1
"隐形牙套品牌TrioClear 透舒丽 （澳洲），与国际非牟利绿色慈善组织“One Tree Planted”合作成为环境伙伴，一起种树。每当我们完成一个透舒丽个案，我们便会种植10棵树木。目前我们已经在澳洲及纽西兰累计种植11,360棵树。可持续发展一直是现代牙科的理念，藉由与One Tree Planted合作，帮助种植更多树木，落实回馈大自然的初心； One Tree Planted的造林项目在自然灾害和森林砍伐后重建森林。这计划的目标不但展示当代企业社会责任，最大限度地减少公司的碳足迹，并能推广全球森林复育的重要议题

作者：现代牙科集团
链接：https://xueqiu.com/1886622172/205201435
来源：雪球
著作权归作者所有。商业转载请联系作者获得授权，非商业转载请注明出处。
风险提示：本文所提到的观点仅代表个人的意见，所涉及标的不作推荐，据此买卖，风险自负。",1
"BMW i循环概念车（BMW i Vision Circular）的设计全面应用了循环经济的原则，实现100%使用再利用材料和100%可回收，从而将宝马集团致力于打造“最绿色电动汽车”的愿景再次推进一步。



作者：EV世纪
链接：https://xueqiu.com/7901138929/196860465
来源：雪球
著作权归作者所有。商业转载请联系作者获得授权，非商业转载请注明出处。
风险提示：本文所提到的观点仅代表个人的意见，所涉及标的不作推荐，据此买卖，风险自负。",1
"资源的循环再利用不仅能够节省大量成本，还将减轻地球的负担。但这需要一定的专业和公司级的制度支撑。荣耀拥有专业的旧机回收和处理方案，可以让用户的闲置设备得以最大化的循环再利用。2017年至今，荣耀通过自有渠道收集并处理的电子废弃物超1650吨。



作者：易北辰
链接：https://xueqiu.com/4249380323/177802783
来源：雪球
著作权归作者所有。商业转载请联系作者获得授权，非商业转载请注明出处。
风险提示：本文所提到的观点仅代表个人的意见，所涉及标的不作推荐，据此买卖，风险自负。",1
"目前，伊利员工的平均年龄不到30岁，是一支有活力、有激情、朝气蓬勃的队伍。

通过阳光100、梧桐树培养计划、鸿雁计划、太行人才计划等各项多领域差异化的员工培养项目，伊利人不断提升着自己的工作能力和专业技能。

在潘刚的推动下，伊利持续完善人才选拔机制与人才发展通道，让每一位为伊利创造卓越价值的人才都能顺畅发展。

这些年，伊利不断涌现出全国劳动模范、行业顶尖专业人才、国际化管理人才......他们不仅在平凡的岗位上创造出不凡的价值，也为中国乳业的发展做出卓越贡献。

2021年底，中国首家“乳业职业培训与认证中心”在伊利落成，该中心将在未来为中国奶业振兴积蓄“人才力量”，带动产业链上下游共同发展



作者：微凉的风lyb
链接：https://xueqiu.com/9023936319/215735070
来源：雪球
著作权归作者所有。商业转载请联系作者获得授权，非商业转载请注明出处。
风险提示：本文所提到的观点仅代表个人的意见，所涉及标的不作推荐，据此买卖，风险自负。",1
"华泰证券的“员工成本”费用下降7.26%，华安证券的“公司、奖金、津贴、补贴”费用下降11.34%，东方证券的“职工薪酬”费用下降13.58%，广发证券的“职工薪酬”费用下降24.21%

作者：搜狐财经
链接：https://xueqiu.com/8647410512/113221242
来源：雪球
著作权归作者所有。商业转载请联系作者获得授权，非商业转载请注明出处。
风险提示：本文所提到的观点仅代表个人的意见，所涉及标的不作推荐，据此买卖，风险自负。",0
"四川长虹（600839.SH）8月31日在投资者互动平台表示，公司产品有获得相关绿色产品证书。公司在生产过程中采用了大量的环保可回收材料，并通过环保产业链，将家电报废后产生的可回收材料进行回收。其中长虹电视、美菱冰洗、长虹空调等产品线，更是坚持节能环保、绿色、循环、低碳的发展思路，已实现了将智能创新和绿色发展相融相生的发展理念。另外，由于大量采用了无卤阻燃材料、可回收材料等绿色新材料技术，公司生产的智能电视，在节能降耗方面取得了明显的成效，并且也让电视产品在使用多年报废之后，可以更高效率地进行回收利用

作者：每日经济新闻
链接：https://xueqiu.com/4642157440/229663325
来源：雪球
著作权归作者所有。商业转载请联系作者获得授权，非商业转载请注明出处。
风险提示：本文所提到的观点仅代表个人的意见，所涉及标的不作推荐，据此买卖，风险自负。",1
"龙光集团还积极关注建筑项目可能产生的噪音及废弃物问题，并实行严格手段规管相关排放，包括检讨现时的工地管理措施、加强问责制、进行培训及讲解等等。由此可见，在环境治理方面，龙光集团的表现可圈可点。

作者：智芝全研究
链接：https://xueqiu.com/8908850657/212775696
来源：雪球
著作权归作者所有。商业转载请联系作者获得授权，非商业转载请注明出处。
风险提示：本文所提到的观点仅代表个人的意见，所涉及标的不作推荐，据此买卖，风险自负。",1
"""昌都高争建材股份有限公司(以下简称高争建材)石灰岩矿山将开采的矿石从海拔约4600米的山顶，直接自然滚落到海拔约4200米的工业广场，形成高差约400米的碎石陡坡，矿区山体自然生态破坏殆尽，安全隐患十分突出。

作者：中国网财经
链接：https://xueqiu.com/9293278021/216196032
来源：雪球
著作权归作者所有。商业转载请联系作者获得授权，非商业转载请注明出处。
风险提示：本文所提到的观点仅代表个人的意见，所涉及标的不作推荐，据此买卖，风险自负。""",0
"与此同时，泡泡玛特持续推进绿色采购，鼓励供应商优先使用经本公司测试认证的环保产品，如可降解铝塑袋、环保硅藻纯配重包等环保性良好的包装材料，以及环保的油漆、油墨、溶剂等产品。通过指定供应商采购，确保原材料的安全环保性，2021年累计减少大约425吨塑胶用量。



作者：港股研究社
链接：https://xueqiu.com/6902145880/219862739
来源：雪球
著作权归作者所有。商业转载请联系作者获得授权，非商业转载请注明出处。
风险提示：本文所提到的观点仅代表个人的意见，所涉及标的不作推荐，据此买卖，风险自负。",1
"财联社8月23日电，天齐锂业公告，公司拟推出员工持股计划，本次员工持股计划所持有的股票总数累计不超过公司股本总额的10%，任一持有人持有的员工持股计划份额所对应的股票数量不超过公司股本总额的1%。初步预估公司本次员工持股计划涉及股票总数不超过公司总股本的1%。


作者：财联社
链接：https://xueqiu.com/7437424816/228841329
来源：雪球
著作权归作者所有。商业转载请联系作者获得授权，非商业转载请注明出处。
风险提示：本文所提到的观点仅代表个人的意见，所涉及标的不作推荐，据此买卖，风险自负。",1
"公司在生产过程中会产生一定的废气和固体废弃物，公司重视环保基础设施及配套设施的建设，针对各生产线及设备都采取了处理措施，已建立一整套环境保护制度，并取得环境管理体系认证，确保达标排放。尽管如此，倘若出现处理不当或设备故障时，仍面临着环保污染问题；同时，随着国家转变经济增长模式，社会环保意识日益增强，政府可能会颁布新的法律法规，提高环保标准，可能导致公司需要进一步增加环保支出，从而影响盈利水平。



作者：深海分析
链接：https://xueqiu.com/4335404038/210733751
来源：雪球
著作权归作者所有。商业转载请联系作者获得授权，非商业转载请注明出处。
风险提示：本文所提到的观点仅代表个人的意见，所涉及标的不作推荐，据此买卖，风险自负。",1
"11月5日，由太平资产发起设立的“共赢”系列专项产品在中保保险资产登记交易系统有限公司完成登记，产品目标规模80亿元。

这是继10月29日中国人寿资产管理有限公司（简称“国寿资产”）成立200亿元规模首支专项产品“国寿资产—凤凰系列产品”后，保险系第二只参与化解优质上市公司股票质押流动性风险的产品。

太平资产发起设立的“共赢”系列专项产品，是中国太平响应中央有关精神以及银保监会近期政策要求，参与化解股票质押流动性风险，维护金融市场长期健康发展的实际举措



作者：东保西险
链接：https://xueqiu.com/9872520227/116325738
来源：雪球
著作权归作者所有。商业转载请联系作者获得授权，非商业转载请注明出处。
风险提示：本文所提到的观点仅代表个人的意见，所涉及标的不作推荐，据此买卖，风险自负。",0
"自设立以来，尚太科技一直高度重视环境保护问题，按照环保有关法律法规的要求，在生产过程中配备相应环保设施，建立健全环境保护处理和责任制度，以杜绝环境污染。尚太科技主要产品生产过程中会产生颗粒物、二氧化硫和氮氧化物等污染物，均按照国家有关规定进行集中处理后排放，符合国家环保的相关标准。



作者：大汪财经
链接：https://xueqiu.com/8653915216/229028588
来源：雪球
著作权归作者所有。商业转载请联系作者获得授权，非商业转载请注明出处。
风险提示：本文所提到的观点仅代表个人的意见，所涉及标的不作推荐，据此买卖，风险自负。",1
"近日，雷蛇宣布了一项意义深远的长期承诺，即制定 10 年环保路线：到 2025 年，使用 100% 的可再生能源；到 2030 年，所有产品使用回收或可回收材料并在 2030 年实现 100% 的碳中和。

作者：Brookfield再生能源(BEP)
链接：https://xueqiu.com/S/BEP/175246699
来源：雪球
著作权归作者所有。商业转载请联系作者获得授权，非商业转载请注明出处。
风险提示：本文所提到的观点仅代表个人的意见，所涉及标的不作推荐，据此买卖，风险自负。",1
"绿茵生态（002887.SZ）5月31日在投资者互动平台表示，公司始终专注于生态修复领域，在荒山边坡生态修复、矿山生态治理、湿地保护修复及流域治理等领域成功实施了内蒙古丰镇北山公园山体生态重建、内蒙古“改盐增草（饲）兴牧”项目、叶县灰河生态公园建设、河南省卫辉市卫河、共产主义渠水环境综合治理EPC项目等。目前尚未开展新能源方面业务。

作者：每日经济新闻
链接：https://xueqiu.com/4642157440/221432541
来源：雪球
著作权归作者所有。商业转载请联系作者获得授权，非商业转载请注明出处。
风险提示：本文所提到的观点仅代表个人的意见，所涉及标的不作推荐，据此买卖，风险自负。",1
"青岛鑫霆悦物流有限公司车辆于2022年6月19日晚在西海岸新区千山北路环海石化门口空地上随意倾倒建筑废弃物，倾倒方量为360立方米。

依据《青岛市建筑废弃物管理办法》第二十三条第（一）项禁止下列行为：（一）随意倾倒、抛撒或者堆放建筑废弃物； 《青岛市建筑废弃物管理办法》第三十五条第（二）项单位和个人有下列情形之一的，由城管执法部门按照《中华人民共和国固体废物污染环境防治法》规定，责令改正，并处罚款：（二）随意倾倒、抛撒或者堆放建筑废弃物的，对个人处200元以上2000元以下罚款，对单位处5000元以上50000元以下罚款。



作者：青岛精选
链接：https://xueqiu.com/6679736674/229734554
来源：雪球
著作权归作者所有。商业转载请联系作者获得授权，非商业转载请注明出处。
风险提示：本文所提到的观点仅代表个人的意见，所涉及标的不作推荐，据此买卖，风险自负。",0
"正和生态（605069.SH）2月24日在投资者互动平台表示，截止目前，公司在雄安新区承接了三项生态保护类工程项目，具体如下：2017年承接了雄安新区“9号地块千年秀林”项目，为雄安新区首批启动的生态森林工程项目；2019年承接了雄安新区唐河入淀口湿地生态保护项目施工总承包项目，为雄安新区对白洋淀修复和保护的重点工程；2020年承接了河北雄安绿博园雄安园建设工程及配套设施项目二标段施工总承包项目，是雄安新区的郊野公园保护工程项目。此外，公司于2018年4月份成立雄安分公司主要经营范围为：工程勘察设计；专业承包；城市园林绿化；技术服务；销售花、草及观赏植物、植物幼苗等。公司后续将持续在雄安新区开拓新的业务机会。



作者：每日经济新闻
链接：https://xueqiu.com/4642157440/212375606
来源：雪球
著作权归作者所有。商业转载请联系作者获得授权，非商业转载请注明出处。
风险提示：本文所提到的观点仅代表个人的意见，所涉及标的不作推荐，据此买卖，风险自负。",1
"早在2012年，董明珠提出，格力要开发基于清洁能源的颠覆式空调技术。在攻坚基础共性节能技术的同时，光伏空调技术成为格力攻关的重点领域。

一年后，格力自主研发的光伏直驱离心机系统被鉴定为“全球首创，国际领先”，首次实现了光伏发电和大型中央空调的无缝融合，开启了中央空调所用电能自产自销的“零能耗”时代。



作者：格力电器
链接：https://xueqiu.com/3424538064/198960825
来源：雪球
著作权归作者所有。商业转载请联系作者获得授权，非商业转载请注明出处。
风险提示：本文所提到的观点仅代表个人的意见，所涉及标的不作推荐，据此买卖，风险自负。",1
"深圳能源(000027)11月11日晚间公告称，公司全资子公司深圳市能源环保有限公司近日与中联重科(000157)签署了《合作框架协议》，双方同意在垃圾焚烧发电等环保产业上进行全方位合作。

作者：中联重科(SZ000157)
链接：https://xueqiu.com/S/SZ000157/59551345
来源：雪球
著作权归作者所有。商业转载请联系作者获得授权，非商业转载请注明出处。
风险提示：本文所提到的观点仅代表个人的意见，所涉及标的不作推荐，据此买卖，风险自负。",1
"公司在生产过程中会产生一定的废气和固体废弃物，公司重视环保基础设施及配套设施的建设，针对各生产线及设备都采取了处理措施，已建立一整套环境保护制度，并取得环境管理体系认证，确保达标排放。尽管如此，倘若出现处理不当或设备故障时，仍面临着环保污染问题；同时，随着国家转变经济增长模式，社会环保意识日益增强，政府可能会颁布新的法律法规，提高环保标准，可能导致公司需要进一步增加环保支出，从而影响盈利水平。



作者：深海分析
链接：https://xueqiu.com/4335404038/210733751
来源：雪球
著作权归作者所有。商业转载请联系作者获得授权，非商业转载请注明出处。
风险提示：本文所提到的观点仅代表个人的意见，所涉及标的不作推荐，据此买卖，风险自负。",1
"作为我国绿色金融领先者，近年来兴业银行聚焦“双碳”战略目标，以“商行+投行”为抓手，持续创新，广引绿色金融活水，先后落地全国首批碳中和债、首单权益出资碳中和债等市场多笔首单绿色债券

作者：标准排名
链接：https://xueqiu.com/9609507785/225671029
来源：雪球
著作权归作者所有。商业转载请联系作者获得授权，非商业转载请注明出处。
风险提示：本文所提到的观点仅代表个人的意见，所涉及标的不作推荐，据此买卖，风险自负。",1
"近日,海尔冰箱获得了SGS颁发的行业首张冰箱产品碳足迹、碳减排认证证书,在产品双碳节能减排的路上又迈出了坚实的一步。

作者：家电部落
链接：https://xueqiu.com/4418918890/228488717
来源：雪球
著作权归作者所有。商业转载请联系作者获得授权，非商业转载请注明出处。
风险提示：本文所提到的观点仅代表个人的意见，所涉及标的不作推荐，据此买卖，风险自负。",1
"2020年，联想成立了产品多元化办公室，以评估联想的硬件和软件产品，确保它们适用于所有人。到2025/26财年，联想将在产品多样性办公室评估其75%的产品。

作者：联想集团官方账号
链接：https://xueqiu.com/6924528856/221792929
来源：雪球
著作权归作者所有。商业转载请联系作者获得授权，非商业转载请注明出处。
风险提示：本文所提到的观点仅代表个人的意见，所涉及标的不作推荐，据此买卖，风险自负。",1
"近日，东方粮仓方正园区开展节约用水宣传活动。

我国是一个淡水资源分布不均的国家。虽然我国的淡水资源总量占全球水资源的6%，但我国人均水资源量仅为世界平均水平的1/4，是全球人均水资源最贫乏的国家之一。事实上，我国有些地区已经处于严重缺水状态，而我们赖以生存的水，也正日益短缺。因此，我们必须要树立起节水惜水意识，开展水资源警示教育。



作者：OrientGroup
链接：https://xueqiu.com/1784300254/175104129
来源：雪球
著作权归作者所有。商业转载请联系作者获得授权，非商业转载请注明出处。
风险提示：本文所提到的观点仅代表个人的意见，所涉及标的不作推荐，据此买卖，风险自负。",1
"优秀的人才代表着发展的潜力，但要让他们真正发挥价值，离不开完善的培养体系与良好的发展平台。TCL华星针对“雏鹰”，有持续三年的持续培养计划。比如，入职时长达半个月的“雏鹰训练营”，业务和思想的“双导师”制，订制化IDP（个人发展计划），以及通过职业发展通道设计和ECP（任职资格）认证等。

而且，为了吸引并激发人才活力，TCL华星在薪酬福利以及激励机制方面，有着一套特别的设计。比如，薪资水平每年会与市场对标并同步增长，确保能引得进、留得住；在福利方面，为员工提供食堂和餐补，供应商实行末位淘汰，充分市场化；为员工提供年度体检、购买高额商业保险，解除员工后顾之忧；针对员工最迫切的住房需求，推出免租金宿舍、人才房（自建&政府）、“星居计划”等住房福利，较好地解决了人才住房困难



作者：南柯梦碎
链接：https://xueqiu.com/3436225335/225606903
来源：雪球
著作权归作者所有。商业转载请联系作者获得授权，非商业转载请注明出处。
风险提示：本文所提到的观点仅代表个人的意见，所涉及标的不作推荐，据此买卖，风险自负。",1
"10月4日，比亚迪宣布与全球领先的汽车租赁公司SIXT签署合作协议，为欧洲市场提供新能源汽车租赁服务，共同推动汽车租赁市场电动化转型，助力全球碳减排。

根据双方协议，SIXT将在未来6年内向比亚迪采购至少10万台新能源车。多款比亚迪高品质新能源车将服务SIXT客户，包括目前在欧洲最新推出的元PLUS。车辆将于今年第四季度开始交付，第一阶段合作市场包括德国、英国、法国、荷兰。



作者：dustrong
链接：https://xueqiu.com/2714205814/232098630
来源：雪球
著作权归作者所有。商业转载请联系作者获得授权，非商业转载请注明出处。
风险提示：本文所提到的观点仅代表个人的意见，所涉及标的不作推荐，据此买卖，风险自负。",1
"资本充足率对于银行的业务拓展至关重要，如果缺乏持续有效的资本补充机制，将难以支持未来的战略发展。随着在A 股成功上市，上海农商银行可获得发行优先股、可转换债券等融资工具的资质，并可以面向各类投资者募集资金。通过与资本市场的有效衔接，可以进一步丰富资本补充方式，建立起持续有效的多层次、多渠道资本补充机制，提升融资的便捷程度，打破资本瓶颈的约束。因此，此次IPO顺利上市后，上海农商银行的内在价值将大幅提升。

通过以上分析可以发现，在风险状况方面，上海农商银行的资产质量指标优于行业平均水平，一个重要原因是该行自身的风险管理策略稳健。同时，一般情况下区域性银行受地域集中度的影响比较大，但上海经济环境发达，有多元化的产业结构，在很大程度上缓解了该行的区域集中度风险，从而彰显出独特的投资价值



作者：公子豹
链接：https://xueqiu.com/9210717241/190099182
来源：雪球
著作权归作者所有。商业转载请联系作者获得授权，非商业转载请注明出处。
风险提示：本文所提到的观点仅代表个人的意见，所涉及标的不作推荐，据此买卖，风险自负。",0
"近日，晶科能源荣获国际独立第三方检测、检验和认证机构德国莱茵TÜV大中华区（以下简称“TÜV莱茵”）颁发的碳足迹证书。晶科能源本次获证产品为两款主打光伏组件产品，Tiger 系列163和Tiger Pro系列182组件。

在此次项目中，TÜV莱茵专家团队覆盖了能源管理、生命周期分析、材料应用以及供应链管理等多个领域，针对“从摇篮到大门”的产品生命周期各个阶段，结合国内和国际供应链趋势，对晶科能源的两款光伏组件进行了碳足迹核查。



作者：晶科能源
链接：https://xueqiu.com/1176494655/201319903
来源：雪球
著作权归作者所有。商业转载请联系作者获得授权，非商业转载请注明出处。
风险提示：本文所提到的观点仅代表个人的意见，所涉及标的不作推荐，据此买卖，风险自负。",1
"2021年，南昌印钞有限公司印钞工房荣获“国家三星级绿色工业建筑（运行标识）”。从住房和城乡建设部和江西省住建厅获悉，南昌印钞有限公司印钞工房为江西省和行业内首个获得三星级绿色建筑运行标识的工业建筑。

该项目从节地与可持续发展场地、节能与能源利用、节水与水资源利用、节材与材料资源利用、室外环境与污染物控制、室内环境与职业健康、运行管理、技术进步与创新八个方面指标进行认证。目前全国取得运行标识的绿色建筑比例不足10%，高星级绿色工业建筑更是凤毛麟角。此次，南昌印钞工房获得最高等级的绿色建筑运行标识，不仅是因为项目进行了高质量设计施工建造，采用先进绿色低碳技术和设备，更重要的是进行了高水平运营管理，成为名副其实的绿色建筑。



作者：标准排名
链接：https://xueqiu.com/9609507785/230823185
来源：雪球
著作权归作者所有。商业转载请联系作者获得授权，非商业转载请注明出处。
风险提示：本文所提到的观点仅代表个人的意见，所涉及标的不作推荐，据此买卖，风险自负。",1
"普惠金融指立足机会平等要求和商业可持续原则，通过加大政策引导扶持、加强金融体系建设、健全金融基础设施，以可负担的成本为有金融服务需求的社会各阶层和群体提供适当的、有效的金融服务，并确定农民、小微企业、城镇低收入人群和残疾人、老年人等其他特殊群体为普惠金融服务对象。

作者：用户5018012912
链接：https://xueqiu.com/5018012912/124239174
来源：雪球
著作权归作者所有。商业转载请联系作者获得授权，非商业转载请注明出处。
风险提示：本文所提到的观点仅代表个人的意见，所涉及标的不作推荐，据此买卖，风险自负。",1
"经查实，2016年10月份，该企业未经批准、擅自在麻章镇郭家村西侧的土地上建设建设混合结构房和铁架棚房用作洗衣工厂，经湛江市国土资源测绘院测量，并由你公司确认,实际占地面积2374.98平方米，其中建筑面积2372.5平方米。该宗用地地类为林地，不符合麻章镇土地利用总体规划。湛江市麻章区佳恒洗衣有限公司未经批准、擅自在集体土地上进行非农建设的行为，违反了《中华人民共和国土地管理法》第四十三条、第四十四条的规定，构成非法占用土地的违法事实。



作者：罚与法
链接：https://xueqiu.com/5661631344/231236474
来源：雪球
著作权归作者所有。商业转载请联系作者获得授权，非商业转载请注明出处。
风险提示：本文所提到的观点仅代表个人的意见，所涉及标的不作推荐，据此买卖，风险自负。",0
"近期，永泰能源（600157.SH）旗下张家港沙洲电力有限公司（简称""沙洲电厂""）为丰富职工子女暑假生活，帮助员工建立和谐良好的亲子关系，工会组织了职工子女进厂参观体验活动。

作者：永泰能源(SH600157)
链接：https://xueqiu.com/S/SH600157/230007923
来源：雪球
著作权归作者所有。商业转载请联系作者获得授权，非商业转载请注明出处。
风险提示：本文所提到的观点仅代表个人的意见，所涉及标的不作推荐，据此买卖，风险自负。",1
" 深圳瑞捷（300977.SZ）8月9日在投资者互动平台表示，公司积极响应国家“双碳”目标，紧跟绿色建筑发展新趋势，积极探索研究第三方在绿色建筑发展与监督机制中的作用，公司目前已成立了绿色建筑、健康建筑、装配式建筑研究团队，并持续加大研发投入，已进行试评估。此外，公司还参编《深圳市绿色建筑设计标准》《建筑外墙外保温工程质量保险规程》等与建筑节能、绿色建筑相关的标准。牵头申报的住建部2021年科学技术计划项目“放管服改革下绿色建筑与建筑节能发展与监管机制研究”于2021年6月正式通过立项，就第三方在绿色建筑发展与监督机制中的作用展开研究，并构建绿色健康评估体系。

作者：每日经济新闻
链接：https://xueqiu.com/4642157440/227546463
来源：雪球
著作权归作者所有。商业转载请联系作者获得授权，非商业转载请注明出处。
风险提示：本文所提到的观点仅代表个人的意见，所涉及标的不作推荐，据此买卖，风险自负。",1
"作为构筑绿色竞争力的关键支撑，旭辉将可持续发展理念纳入融资机制，推动企业成长和可持续发展的正向循环。

2021年5月，旭辉发行第二笔规模为5亿美元的绿色债券，其中3.5亿美元为5.25年期，利率4.45%；1.5亿美元年期为7年，利率4.80%，创下公司境外美元债发行最长期限记录。该笔绿色债券也获得标普绿色债券E1/86分，继2020年首笔5亿美元绿色债券后，再次获得最高评级的殊荣。



作者：旭辉集团
链接：https://xueqiu.com/5886859254/227185902
来源：雪球
著作权归作者所有。商业转载请联系作者获得授权，非商业转载请注明出处。
风险提示：本文所提到的观点仅代表个人的意见，所涉及标的不作推荐，据此买卖，风险自负。",1
"联想还特别关注到产品在使用阶段的温室气体排放，因为产品70-80%的环境影响，是在消费者使用过程中产生的。自 2008 年以来，联想已经减少了3240吨的包装重量消耗；到2025/26财年，将有90%的PC和60%的智能手机包装将由可回收材料制成。



作者：联想集团官方账号
链接：https://xueqiu.com/6924528856/221792929
来源：雪球
著作权归作者所有。商业转载请联系作者获得授权，非商业转载请注明出处。
风险提示：本文所提到的观点仅代表个人的意见，所涉及标的不作推荐，据此买卖，风险自负。",1
"智通财经APP讯，四维图新(002405.SZ)发布公告，公司的参股公司北京六分科技有限公司(以下简称“六分科技”)为快速发展业务，充分调动核心经营管理及技术团队、骨干员工的积极性，留住人才、激励人才，拟实施多元化员工持股，通过由符合条件的持股对象认缴预留份额的方式实施。

本次交易前，公司持有六分科技34.48%股权，为第一大股东，六分科技为公司联营企业。本次交易后，公司仍持有六分科技34.48%股权，六分科技仍为公司联营企业，未发生变化。本次交易构成关联交易。",1
"9月27日，合成生物公司“微构工场”宣布与餐饮用具提供商“恒鑫生活”达成战略合作，双方将基于PHA（聚羟基脂肪酸酯）与PLA（聚乳酸）材料的共混改性共同开发生物可降解材料，提升当前产品性能并推动产业化升级。此次合作将是PHA材料在商业落地方面的重要尝试。

作者：财经涂鸦
链接：https://xueqiu.com/6741233383/231821869
来源：雪球
著作权归作者所有。商业转载请联系作者获得授权，非商业转载请注明出处。
风险提示：本文所提到的观点仅代表个人的意见，所涉及标的不作推荐，据此买卖，风险自负。",1
"针对即将来临的复工、返程高峰，许多组织开始推行每日打卡，从而了解每个个体的身体状况，一方面防范风险，另一方面一旦发生疑似或确诊，以备数据追溯。北京宇信科技集团股份有限公司（下称“宇信科技”）为了更好地利用技术手段为抗击疫情尽绵薄之力，迅速组织技术力量牺牲假期、通过远程办公，短时间内开发出了“员工健康打卡”在线工具。在顺利通过内部测试后，2月5日起向社会免费提供。



作者：美通社
链接：https://xueqiu.com/1547221471/140653891
来源：雪球
著作权归作者所有。商业转载请联系作者获得授权，非商业转载请注明出处。
风险提示：本文所提到的观点仅代表个人的意见，所涉及标的不作推荐，据此买卖，风险自负。",1
此外，报告还提到，对于没有二次使用价值的废旧电子产品，万物新生选择具有相关资质的处置机构进行环保处置，并全程监督其使用的处置技术、处置过程和最终的处置结果。2021年内，万物新生共回收并监督绿色处置废旧电子设备共计22.3万台，减少电子产品污染约35.7吨。,1
"以供电和能源运用为例，天津产业园将充分利用太阳能等清洁能源。三栋主体建筑之上将铺设2万平方米的分布式光伏发电板，年总发电量约263万度，能够满足园区展示中心全年用电需求；同时，产业园因地制宜，广泛设置离网型光伏产品，如光伏路灯、光伏感应垃圾箱等，为产业园碳减排发挥最大效能。此外，园区的雨水调蓄系统每年可节约5%的新鲜用水，余热回收系统据测算年回收能量约112万千瓦时，为园区的碳减排发挥最大的效应

作者：联想集团官方账号
链接：https://xueqiu.com/6924528856/232233730
来源：雪球
著作权归作者所有。商业转载请联系作者获得授权，非商业转载请注明出处。
风险提示：本文所提到的观点仅代表个人的意见，所涉及标的不作推荐，据此买卖，风险自负。",1
"《每日经济新闻》记者统计发现，女高管数量前十的行业（中信二级行业口径）分别是计算机软件、专用机械、其他化学制品Ⅱ、其他医药医疗、电气设备、环保及公用事业、汽车零部件Ⅱ、通用设备、房地产开发和运营、半导体。显然，这些行业都是朝阳产业，具有极大的潜力。女性也为这些热门行业带来了不一样的色彩

作者：每日经济新闻
链接：https://xueqiu.com/4642157440/213345003
来源：雪球
著作权归作者所有。商业转载请联系作者获得授权，非商业转载请注明出处。
风险提示：本文所提到的观点仅代表个人的意见，所涉及标的不作推荐，据此买卖，风险自负。",1
"荣耀内部有一个绿色理念，就是“打造更前沿创新的科技产品，绝不以影响环境为代价”。电子产品的组成非常复杂，在生产过程中会包含一定的环境有害物质。为促进产品更好地回收，防止回收过程中的有毒物质排放，更为了防止废弃物焚烧导致的污染，荣耀从源头上就开始严格禁止有害物质的引入。在有害物质处理方面，荣耀严禁六大有害物质，每年投入上亿元主动消除潜在危害，目前已在所有手机、平板及可穿戴产品中实行，总计消除约2896吨有害物质或材料的使用，让人类的地球家园更安全、更宜居。



作者：易北辰
链接：https://xueqiu.com/4249380323/177802783
来源：雪球
著作权归作者所有。商业转载请联系作者获得授权，非商业转载请注明出处。
风险提示：本文所提到的观点仅代表个人的意见，所涉及标的不作推荐，据此买卖，风险自负。",1
"据了解，常州市生态环境局于 2021 年 9 月 2 日对常州锡联现场检查时发现，在生活污泥焚烧处理项目生产过程中，污泥破碎上料间和废水预处理设施运行过程中会有恶臭废气产生，废气需要接入生物滤池处理后通过排气筒排放。现场检查时污泥破碎上料间正在进行污泥破碎，废水预处理设施正在运行，配套的生物滤池引风机在运行，但生物滤池的两台水冲洗泵不在运行，大气污染防治设施不正常运行。该行为违反《中华人民共和国环境保护法》第四十二条第四款和《中华人民共和国大气污染防治法》第二十条第二款的规定。

　　依据《中华人民共和国大气污染防治法》第九十九条第(三)项规定，常州市生态环境局决定对常州锡联作出人民币 12 万元罚款的行政处罚。



作者：中国网财经
链接：https://xueqiu.com/9293278021/205088580
来源：雪球
著作权归作者所有。商业转载请联系作者获得授权，非商业转载请注明出处。
风险提示：本文所提到的观点仅代表个人的意见，所涉及标的不作推荐，据此买卖，风险自负。",0
"　2021年1月14日16时20分左右，位于驻马店高新技术产业开发区的河南顺达新能源科技有限公司在1#水解保护剂罐进行保护剂扒出作业时，发生一起窒息事故，造成4人死亡、3人受伤，直接经济损失约1010万元。

　　事故的直接原因是，作业人员违章作业，致使作业人员缺氧窒息晕倒，现场人员救援能力不足，组织混乱，导致事故扩大



作者：中国网财经
链接：https://xueqiu.com/9293278021/194772469
来源：雪球
著作权归作者所有。商业转载请联系作者获得授权，非商业转载请注明出处。
风险提示：本文所提到的观点仅代表个人的意见，所涉及标的不作推荐，据此买卖，风险自负。",0
"四川长虹（600839.SH）8月31日在投资者互动平台表示，公司产品有获得相关绿色产品证书。公司在生产过程中采用了大量的环保可回收材料，并通过环保产业链，将家电报废后产生的可回收材料进行回收。其中长虹电视、美菱冰洗、长虹空调等产品线，更是坚持节能环保、绿色、循环、低碳的发展思路，已实现了将智能创新和绿色发展相融相生的发展理念。另外，由于大量采用了无卤阻燃材料、可回收材料等绿色新材料技术，公司生产的智能电视，在节能降耗方面取得了明显的成效，并且也让电视产品在使用多年报废之后，可以更高效率地进行回收利用

作者：每日经济新闻
链接：https://xueqiu.com/4642157440/229663325
来源：雪球
著作权归作者所有。商业转载请联系作者获得授权，非商业转载请注明出处。
风险提示：本文所提到的观点仅代表个人的意见，所涉及标的不作推荐，据此买卖，风险自负。",1
"将海底光缆铺设设备遗弃在海底 Facebook被批破坏环境 为Facebook铺设海底光缆工程出现故障后，承包商U.S。Army Corps of Engineers将部分损坏的设备抛弃在海底，Facebook因此遭到环保人士和美国俄勒冈州居民指责。

作者：Meta Platforms(META)
链接：https://xueqiu.com/S/META/156792859
来源：雪球
著作权归作者所有。商业转载请联系作者获得授权，非商业转载请注明出处。
风险提示：本文所提到的观点仅代表个人的意见，所涉及标的不作推荐，据此买卖，风险自负。",0
"宿豫区应急管理局和宿迁生态化工科技产业园管委会经现场检查发现，公司存在未按规定对危废焚烧炉排放的有害大气污染物进行检测、未设置危险废物识别标志、未按规定申报登记危险废物及未采取防范措施造成前馏分和吨袋装危险废物渗漏造成污染行为，被责令限期完成整改并处以9万元罚款。

作者：电鳗快报
链接：https://xueqiu.com/4516855116/156063753
来源：雪球
著作权归作者所有。商业转载请联系作者获得授权，非商业转载请注明出处。
风险提示：本文所提到的观点仅代表个人的意见，所涉及标的不作推荐，据此买卖，风险自负。",0
"金发科技的产品以自主创新开发为主，覆盖了改性塑料、环保高性能再生塑料、完全生物降解塑料、特种工程塑料、碳纤维及复合材料、轻烃及氢能源和医疗健康高分子材料产品等7大类自主知识产权产品。金发科技材料以其良好的环境友好度和卓越的性能远销全球130多个 国家和地区，为全球1000多家知名企业提供服务。公司目前改性塑料产能达到220万吨，约占到国内市场份额10%左右，是国内也是亚太 地区最大的改性塑料生产企业。

作者：心心相印o
链接：https://xueqiu.com/6351082895/231820732
来源：雪球
著作权归作者所有。商业转载请联系作者获得授权，非商业转载请注明出处。
风险提示：本文所提到的观点仅代表个人的意见，所涉及标的不作推荐，据此买卖，风险自负。",1
"生物柴油的原料来源广泛、充足，单以我国每年450万吨的地沟油为原料，生物柴油年产值即可达到250亿水平。

另一方面，生物柴油行业体现了资源循环利用的发展理念，符合社会发展的方向，油料作物等可再生原料的供应量将不断增加，行业产值或达千亿以上，是属于可以孕育出独角兽的行业。

当下，生物柴油行业没有主板上市企业，但在新三板挂牌的企业有5家。基于行业整体现状，五家挂牌企业虽然整体盈利不佳，但隆海生物是目前唯一在市场低迷环境下依靠生物柴油业务实现盈利的新三板企业，且毛利率最高。



作者：读懂财经
链接：https://xueqiu.com/4660283758/97333508
来源：雪球
著作权归作者所有。商业转载请联系作者获得授权，非商业转载请注明出处。
风险提示：本文所提到的观点仅代表个人的意见，所涉及标的不作推荐，据此买卖，风险自负。",1
"LV日前发布三款全新LV Trainer鞋款，集创造力、可持续性与环保设计于一体，均采用90%可回收和生物面料制成，鞋面材料融合了可回收聚酯纤维与玉米基塑料，鞋带的材料则来自回收塑料，鞋舌同样采用可回收聚氨酯，鞋盒为100%可回收和可循环利用纸板。



作者：DoNews
链接：https://xueqiu.com/5133207869/225962487
来源：雪球
著作权归作者所有。商业转载请联系作者获得授权，非商业转载请注明出处。
风险提示：本文所提到的观点仅代表个人的意见，所涉及标的不作推荐，据此买卖，风险自负。",1
"公司从关注产品升级扩展为关注人才发展，建立公司青训体系，聚焦人员多样性，鼓励人才创新，秉承“给最大的空间让优秀人才脱颖而出”的人才理念，不断完善员工晋升薪酬福利体系和人才培养体系，帮助员工建立职业发展规划；成立三七互娱大学，为员工搭建了一个学习分享的平台，全方位培养专业人才，同时也让企业文化价值观不断传承与发扬，实现公司发展和员工个人发展的双赢，力争为全球玩家提供更优质内容。

作者：痴人爱说梦话
链接：https://xueqiu.com/5671817969/163015451
来源：雪球
著作权归作者所有。商业转载请联系作者获得授权，非商业转载请注明出处。
风险提示：本文所提到的观点仅代表个人的意见，所涉及标的不作推荐，据此买卖，风险自负。",1
"值得一提的是，苹果已经定了一个目标，在未来生产新iPhone中不再消耗地球上的任何东西，虽然目前还没没有实现，但是已经取得了成效。例如Mac电脑上40%的铝都是回收再利用的，iPhone 12中98%的稀土也都是回收再利用的。据悉，苹果已经在新、旧、二手三类产品之间建立了一个闭环，通过使用机器人把旧iPhone上的可再利用的东西换到新iPhone的相关部件上。



作者：芯智讯
链接：https://xueqiu.com/2156146731/186570929
来源：雪球
著作权归作者所有。商业转载请联系作者获得授权，非商业转载请注明出处。
风险提示：本文所提到的观点仅代表个人的意见，所涉及标的不作推荐，据此买卖，风险自负。",1
作为招行银行的唯一女性高管，也是行内职务最高的女性，刘辉的离任让业内颇感突然,0
"因此，敢于承诺10年包修，就绝对是对自己产品质量信心十足。否则在10年产品的实际使用周期内，一旦大批产品质量问题，就有可能把这家企业置于生死线上。格力10年包修，对于大到整机小到一个螺丝钉都会负责到底，由格力负责全程解决，并且不收用户的一分钱，就是体现出格力对自身产品的绝对信心

作者：家电魂
链接：https://xueqiu.com/6067386012/209084437
来源：雪球
著作权归作者所有。商业转载请联系作者获得授权，非商业转载请注明出处。
风险提示：本文所提到的观点仅代表个人的意见，所涉及标的不作推荐，据此买卖，风险自负。",1
"2021年2月27日23时10分许，吉林化纤股份有限公司发生一起较大中毒事故，造成5人死亡、8人受伤，直接经济损失约829万元。事故的直接原因是，长丝八车间部分排风机停电停止运行，该车间三楼回酸高位罐酸液中逸出的硫化氢无法经排风管道排出，致硫化氢从高位罐顶部敞口处逸出，并扩散到楼梯间内。硫化氢在楼梯间内大量聚集，达到致死浓度。新原液车间工艺班班长在经楼梯间前往三楼作业岗位途中，吸入硫化氢中毒，在对其施救过程中多人中毒，导致事故后果扩大。

　　主要教训：吉林化纤股份有限公司重要安全设备缺失，未设置固定式有毒气体报警装置、事故通风系统、全线DCS集散式自动控制系统和双回路电源供电；风险辨识和管控缺失，未辨识出八纺酸站三楼存在硫化氢中毒风险；事故应急处置不力，未制定现场处置方案，未配备应急器材等管控措施；相关人员安全意识淡薄，安全教育和培训流于形式。



作者：中国网财经
链接：https://xueqiu.com/9293278021/194772469
来源：雪球
著作权归作者所有。商业转载请联系作者获得授权，非商业转载请注明出处。
风险提示：本文所提到的观点仅代表个人的意见，所涉及标的不作推荐，据此买卖，风险自负。",0
"昌都高争建材股份有限公司(以下简称高争建材)石灰岩矿山将开采的矿石从海拔约4600米的山顶，直接自然滚落到海拔约4200米的工业广场，形成高差约400米的碎石陡坡，矿区山体自然生态破坏殆尽，安全隐患十分突出。

作者：中国网财经
链接：https://xueqiu.com/9293278021/216196032
来源：雪球
著作权归作者所有。商业转载请联系作者获得授权，非商业转载请注明出处。
风险提示：本文所提到的观点仅代表个人的意见，所涉及标的不作推荐，据此买卖，风险自负。",0
"在 VivaTech 2021 峰会上，苹果 CEO 蒂姆・库克（Tim Cook）透露：“最新 iPhone 将取名 iPhone 13，并且未来新 iPhone 的生产将不再消耗地球资源，而完全依靠可再生资源制造。”

对此，库克解释：“苹果早在几年前就已经开始节能、减排实现成为碳中和企业。做出这项决定旨在进步当代人们对碳中和的理解，同时，希望能够在 2030 年全面实现从供应链到用户端的全生态碳中和化。”



作者：DeepTech深科技
链接：https://xueqiu.com/5983518614/187666081
来源：雪球
著作权归作者所有。商业转载请联系作者获得授权，非商业转载请注明出处。
风险提示：本文所提到的观点仅代表个人的意见，所涉及标的不作推荐，据此买卖，风险自负。",1
"近年来，广西北部湾银行从建立绿色资产负债管理体系、专营机构、专项信贷和产品创新等方面系统打造绿色金融体系，助推广西经济社会发展全面绿色转型。



作者：标准排名
链接：https://xueqiu.com/9609507785/225671029
来源：雪球
著作权归作者所有。商业转载请联系作者获得授权，非商业转载请注明出处。
风险提示：本文所提到的观点仅代表个人的意见，所涉及标的不作推荐，据此买卖，风险自负。",1
"一直以来,健合集团坚持以实际行动不遗余力地投入到公益事业当中。合生元母婴救助基金作为健合集团践行初心使命,推进企业发展中的重要一环,自成立以来,始终围绕母婴健康公益事业大力投入与大胆创新,并成功打造了多种形式公益项目,至今已启动了包括合生元母婴救助“爱心定点医院”、合生元“亲亲快跑”全国巡回亲子公益跑、“母乳更+”早产儿营养支持项目以及 “天使之旅-先天性心脏病救治行动”等多项公益活动。截止到2020年7月,基金捐款超过4100万元,物资捐赠超过3500万元,为1893名母亲及儿童提供救助,受助区域遍布中国大陆地区

作者：聚焦互联网
链接：https://xueqiu.com/7718549533/162177982
来源：雪球
著作权归作者所有。商业转载请联系作者获得授权，非商业转载请注明出处。
风险提示：本文所提到的观点仅代表个人的意见，所涉及标的不作推荐，据此买卖，风险自负。",1
"2022年3月10日，亚马逊云科技宣布，推出全新的碳足迹工具，为客户建立可持续发展的业务。通过使用该工具，客户能够轻松了解使用亚马逊云科技如何减少碳足迹，以及与本地部署解决方案的对比。

这一新工具使用易于理解的可视化方式，向客户展示其历史碳排放量，根据客户用量变化评估碳排放趋势，估算他们使用亚马逊云科技替代本地数据中心而减少的碳排放量，而且能够根据当前用量预估未来的碳排放量。随着亚马逊在2025年实现100%可再生能源的运营，比其2030年的原定目标提前五年，并将在2040年实现净零碳排放，该工具将显示客户的碳排放量的变化趋势。



作者：趣味科技
链接：https://xueqiu.com/8181523997/213638044
来源：雪球
著作权归作者所有。商业转载请联系作者获得授权，非商业转载请注明出处。
风险提示：本文所提到的观点仅代表个人的意见，所涉及标的不作推荐，据此买卖，风险自负。",1
"BMW i循环概念车（BMW i Vision Circular）的设计全面应用了循环经济的原则，实现100%使用再利用材料和100%可回收，从而将宝马集团致力于打造“最绿色电动汽车”的愿景再次推进一步。



作者：EV世纪
链接：https://xueqiu.com/7901138929/196860465
来源：雪球
著作权归作者所有。商业转载请联系作者获得授权，非商业转载请注明出处。
风险提示：本文所提到的观点仅代表个人的意见，所涉及标的不作推荐，据此买卖，风险自负。",1
"未按时缴纳碳排放配额，违法。近日，浙江省绍兴市一家企业由于未按时足额清缴碳排放配额，被生态环境部门依法罚款两万元。这是浙江省首例涉及碳排放的环境违法案件，也是首起针对重点排放单位未按时足额清缴碳排放配额进行行政处罚的案件

作者：碳界
链接：https://xueqiu.com/1422697295/215617398
来源：雪球
著作权归作者所有。商业转载请联系作者获得授权，非商业转载请注明出处。
风险提示：本文所提到的观点仅代表个人的意见，所涉及标的不作推荐，据此买卖，风险自负。",0
"在发布会上，联想集团副总裁、电脑和智能设备首席质量官王会文表示，作为国内最早投身ESG实践的公司，联想集团一直在可持续发展方面积极推进各项工作，做出了诸多有益探索。

此次在报告中，联想在塑料污染源头管控等方面的经验与实践，将为行业改善塑料污染问题提供新参考。

报告一发布，将有助于社会各界全面认识和理解塑料污染，客观看待我国塑料污染治理成效，有效激励企业和社会公众广泛参与到塑料污染治理当中，为全球塑料污染治理贡献更多中国智慧与中国力量



作者：行者财经
链接：https://xueqiu.com/1459350397/220178771
来源：雪球
著作权归作者所有。商业转载请联系作者获得授权，非商业转载请注明出处。
风险提示：本文所提到的观点仅代表个人的意见，所涉及标的不作推荐，据此买卖，风险自负。",1
"当前，国外市场由美敦力和史塞克两家公司占据，国内市场仍处于空白，无活性骨材料市场规模约为21亿元，自体骨市场规模约为50-60亿元，市场空间广阔。2021年11月，公司产品进入“主审审评”阶段，有望于今年年内取得注册证，有望在该领域加快国产替代的进程，依靠性价优势抢占市场份额。

此外，光固化复合树脂已完成首例受试者入组，正式进入临床试验；乳房补片项目已完成临床试验牵头单位伦理审查及备案工作；宫腔修复膜项目的研发将分为膜产品（防粘连）、已经发生瘢痕的子宫内膜产品两部分，拟用于轻中度宫腔粘连分离术后预防再粘连。作为唯一全部中标的脑膜厂商，公司有望提升在该领域的话语权



作者：老范研报
链接：https://xueqiu.com/1256808809/230112226
来源：雪球
著作权归作者所有。商业转载请联系作者获得授权，非商业转载请注明出处。
风险提示：本文所提到的观点仅代表个人的意见，所涉及标的不作推荐，据此买卖，风险自负。",1
"值得一提的是，苹果已经定了一个目标，在未来生产新iPhone中不再消耗地球上的任何东西，虽然目前还没没有实现，但是已经取得了成效。例如Mac电脑上40%的铝都是回收再利用的，iPhone 12中98%的稀土也都是回收再利用的。据悉，苹果已经在新、旧、二手三类产品之间建立了一个闭环，通过使用机器人把旧iPhone上的可再利用的东西换到新iPhone的相关部件上。



作者：芯智讯
链接：https://xueqiu.com/2156146731/186570929
来源：雪球
著作权归作者所有。商业转载请联系作者获得授权，非商业转载请注明出处。
风险提示：本文所提到的观点仅代表个人的意见，所涉及标的不作推荐，据此买卖，风险自负。",1
"经查实，2015年7月，该站未经批准，擅自平整位于霞山区海头街道东纯村的集体土地并建平房、围墙、大门和铺设硬底化路面等设施。经湛江市国土资源测绘院测量，并由该站确认，实际占地面积6895.5平方米，其中建筑面积169.89平方米，硬底化路面3282.4平方米。该宗用地地类属果园（6837平方米）、农村道路（58.5平方米），不符合土地利用总体规划。湛江市市区建筑垃圾管理站未经批准，擅自平整集体土地并进行非农建设的行为，违反了《中华人民共和国土地管理法》第四十三条、第四十四条的规定，构成了未经批准非法占用土地的违法事实。



作者：罚与法
链接：https://xueqiu.com/5661631344/231341615
来源：雪球
著作权归作者所有。商业转载请联系作者获得授权，非商业转载请注明出处。
风险提示：本文所提到的观点仅代表个人的意见，所涉及标的不作推荐，据此买卖，风险自负。",0
"在产品包装方面，荣耀官方承诺产品包装以及包装内的印刷品均采用资源消耗少、可再生的大豆油墨来印制，以代替不可再生的石油资源。大豆油墨会替换掉传统油墨中石油溶剂等成分，因此会减少可挥发性污染物，以及其他可能有害健康的物质，分解后也可以完全融入自然环境。目前荣耀所有产品的彩盒包装及资料说明书均采用大豆油墨印刷，这样的绿色行动，带来的益处是显而易见的。这能累计减少了约68吨CO2排放，相当于3778棵树一年吸收的二氧化碳。



作者：易北辰
链接：https://xueqiu.com/4249380323/177802783
来源：雪球
著作权归作者所有。商业转载请联系作者获得授权，非商业转载请注明出处。
风险提示：本文所提到的观点仅代表个人的意见，所涉及标的不作推荐，据此买卖，风险自负。",1
"字节跳动官微宣布，员工假期及健康福利计划升级，新增“家庭关爱假”，每年10个工作日；“全薪病假”天数从半年4个工作日提升至全年12个工作日，丧假也分别比之前的假日多出两个工作日。



作者：大力财经
链接：https://xueqiu.com/3811527599/232173217
来源：雪球
著作权归作者所有。商业转载请联系作者获得授权，非商业转载请注明出处。
风险提示：本文所提到的观点仅代表个人的意见，所涉及标的不作推荐，据此买卖，风险自负。",1
"拥抱场景，连接无限，2019年开放银行建设热潮依旧，神州信息新增广州银行、兰州银行、阜新银行等客户。其中，协助建设银行建设的开放银行管理平台融合了住房租赁、普惠金融、政务、医疗等生态，实现一站式用户服务，该项目获得了2019年度IDC中国金融行业技术应用场景最佳创新卓越奖，成为业内开放银行标杆案例。目前，神州信息累计30多个开放银行案例。除开放银行的技术支持外，神州信息还提供后续的场景接入及数据安全服务。神州信息凭借600多个开放场景资源，帮助银行快速梳理对外开放服务体系，与各行业商户合作，嫁接各类生态。同时，提供外部数据引入、内部数据整合等大数据分析、决策服务，提升风险预测及防范能力。2019年，神州信息推出区块链技术平台，将其应用在开放银行账单清算，以降低结算差错率

作者：证券市场红周刊
链接：https://xueqiu.com/2994748381/141952909
来源：雪球
著作权归作者所有。商业转载请联系作者获得授权，非商业转载请注明出处。
风险提示：本文所提到的观点仅代表个人的意见，所涉及标的不作推荐，据此买卖，风险自负。",0
"据悉，鑫甬生物的产品包括丙烯酰胺、聚丙烯酰胺、干强剂等，生产过程中涉及丙烯腈、丙烯酰胺、丙烯酸、盐酸、液碱等危险化学品及腐蚀性或有毒物质的运输、储存、使用，且产生废气、废水、固体废弃物等污染物。

同时，根据浙江省生态环境厅《关于公布 2020 年浙江省重点排污单位名录的通知》 的相关规定，公司属于土壤环境重点排污单位。

与行业平均环保投入和同行业公司环保投入相比，鑫甬生物的环保投入也相对较小。



作者：银柿财经
链接：https://xueqiu.com/8871682425/208287257
来源：雪球
著作权归作者所有。商业转载请联系作者获得授权，非商业转载请注明出处。
风险提示：本文所提到的观点仅代表个人的意见，所涉及标的不作推荐，据此买卖，风险自负。",0
"公司在生产过程中会产生一定的废气和固体废弃物，公司重视环保基础设施及配套设施的建设，针对各生产线及设备都采取了处理措施，已建立一整套环境保护制度，并取得环境管理体系认证，确保达标排放。尽管如此，倘若出现处理不当或设备故障时，仍面临着环保污染问题；同时，随着国家转变经济增长模式，社会环保意识日益增强，政府可能会颁布新的法律法规，提高环保标准，可能导致公司需要进一步增加环保支出，从而影响盈利水平。



作者：深海分析
链接：https://xueqiu.com/4335404038/210733751
来源：雪球
著作权归作者所有。商业转载请联系作者获得授权，非商业转载请注明出处。
风险提示：本文所提到的观点仅代表个人的意见，所涉及标的不作推荐，据此买卖，风险自负。",1
"据了解，浦发银行已连续14年开展志愿者日活动。作为首家发布企业社会责任报告的股份制商业银行，浦发银行不仅积极为长三角一体化发展助力，还高度重视社会经济的和谐发展。自合肥分行成立以来，浦发在服务区域实体经济发展的同时，开展了多项爱心公益活动。从“春蕾计划”到“灾区捐助”，从“公益健康跑”到“我们减塑 给地球减负”，合肥分行积极传递爱心，用脚步幻化成力量，为留守儿童打造温馨家园，为冬奥碳汇林送去绿色，为城市建设者带去温暖，为残障少年描绘美好蓝图。尤其在疫情期间，浦发还为市民开辟线上口罩预约登记通道，积极投身社区服务，努力成为传播爱与责任的美丽使者。

作者：财今
链接：https://xueqiu.com/1827022045/168513460
来源：雪球
著作权归作者所有。商业转载请联系作者获得授权，非商业转载请注明出处。
风险提示：本文所提到的观点仅代表个人的意见，所涉及标的不作推荐，据此买卖，风险自负。",1
"6月23日，银保监会副主席肖远企出席“中国这十年”系列主题新闻发布会，介绍党银行业保险业改革发展主要成就。党的十八大以来，银行业保险业防范化解重大金融风险取得重要成果，金融资产脱实向虚势头得到扭转，突出风险点的传染性外溢性明显收缩，防范化解金融风险长效机制逐步夯实。一方面，金融资产脱实向虚势头得到扭转。2017年至2021年，银行业总资产年均增速8.1%，回归至合理水平；另一方面，突出风险点的传染性外溢性明显收缩。稳妥化解不法金融集团风险，平稳推进中小银行风险处置和改革重组。坚决惩治掩盖不良资产，严厉打击做假账，加快处置不良资产；同时，社会金融秩序基本实现“由乱到治”转变。严厉打击违法违规金融活动，发布防范和处置非法集资条例；防范化解金融风险长效机制逐步夯实。此外，金融监管透明度和法治化水平日益提高。完善监管法律法规框架，持续健全资本管理、公司治理、监管评级等审慎监管规则。

作者：银行家杂志
链接：https://xueqiu.com/7008740620/223667269
来源：雪球
著作权归作者所有。商业转载请联系作者获得授权，非商业转载请注明出处。
风险提示：本文所提到的观点仅代表个人的意见，所涉及标的不作推荐，据此买卖，风险自负。",0
"与此同时，泡泡玛特持续推进绿色采购，鼓励供应商优先使用经本公司测试认证的环保产品，如可降解铝塑袋、环保硅藻纯配重包等环保性良好的包装材料，以及环保的油漆、油墨、溶剂等产品。通过指定供应商采购，确保原材料的安全环保性，2021年累计减少大约425吨塑胶用量。



作者：港股研究社
链接：https://xueqiu.com/6902145880/219862739
来源：雪球
著作权归作者所有。商业转载请联系作者获得授权，非商业转载请注明出处。
风险提示：本文所提到的观点仅代表个人的意见，所涉及标的不作推荐，据此买卖，风险自负。",1
"首先，加大信贷资金投放助商户落地生根。许多商户因店铺搬迁、租赁门面、店铺装修、商品库存、采购营业设备等原因陷入资金不足的困境，为化解商户融资难、融资贵等难题，普安农商银行结合区位优势和特点，通过“创业担保贷款”“码上贷”“烟商乐”等金融产品，为经营者尤其是外地经营者、流动摊位经营者解决资金难题，支持实体经济发展，助力商户在“城市印象”商业街顺利扎根

作者：中国经济时报
链接：https://xueqiu.com/1285108942/231712130
来源：雪球
著作权归作者所有。商业转载请联系作者获得授权，非商业转载请注明出处。
风险提示：本文所提到的观点仅代表个人的意见，所涉及标的不作推荐，据此买卖，风险自负。",1
"法国两家非政府协会周四（1月11日）表示，他们已经向巴黎法院对三星公司提起诉讼，指控三星及其法国子公司从事欺诈性商业营销，谴责三星在中国的工厂存在“侵犯人权”行为。


作者：集成电路
链接：https://xueqiu.com/2103557449/99327389
来源：雪球
著作权归作者所有。商业转载请联系作者获得授权，非商业转载请注明出处。
风险提示：本文所提到的观点仅代表个人的意见，所涉及标的不作推荐，据此买卖，风险自负。",0
"报告显示，女性高管比例持续上升，愈多担任战略运营性职位，女性高管占比从2021年的31%上升至32%。在中国，女性高管占比达到32%，与世界水平持平。致同预计，企业对多元化和包容性的关注将持续提升，2025年企业女性高管的比例将达到34%

作者：经济观察报
链接：https://xueqiu.com/3502728586/213054753
来源：雪球
著作权归作者所有。商业转载请联系作者获得授权，非商业转载请注明出处。
风险提示：本文所提到的观点仅代表个人的意见，所涉及标的不作推荐，据此买卖，风险自负。",1
"继上周五推出员工“法定退休腾讯专属福利”后，11月9日，腾讯再度升级员工福利，宣布全面升级员工“职业里程碑”关怀方案。

新方案中，员工“职业里程碑”将从过去的三个节点升级为六个，即从原来的入职1年、10年、20年，升级为入职1年、5年、10年、15年、20年、法定退休6个重要节点，每个节点员工都能享受到不同实物礼品或特色权益。



作者：雷递
链接：https://xueqiu.com/2095268812/202576374
来源：雪球
著作权归作者所有。商业转载请联系作者获得授权，非商业转载请注明出处。
风险提示：本文所提到的观点仅代表个人的意见，所涉及标的不作推荐，据此买卖，风险自负。",1
燕谷坊集团作为国家农业产业化重点龙头企业，积极实践“碳达峰”和“碳中和”时代使命。深入围绕“低碳农业、有机农业、绿色农业”，全产业链减碳。从产业上游推广“育种技术创新，绿色有机栽培技术推广，燕麦治沙。燕谷坊集团燕麦种植面积50万亩，促进大规模土地绿化行动进一步推进，加速碳减排协调实现；在数字化、智能化、科技化的引领下，产业中游深入开发燕麦全谷物加工链，不浪费燕麦一点，减少从良田到餐桌的食品损失，共同耕耘“无形良田”，利用数字化、智能化技术打造全谷物加工生产线，提高生产资源利用效率，减少温室气体排放；推动工业下游精心打造健康美味的绿色食品，获得国家绿色食品认证，促进绿色消费，发展绿色经济。,1
"三星在其网站上称，公司遵守当地法律法规，制定了一套严格的行为准则。作为全球最大半导体、电视机以及智能机制造商，三星表示“尊重所有员工的基本人权”，不会雇佣未成年人。三星还表示，公司尊重当地法律，保护员工健康。


作者：集成电路
链接：https://xueqiu.com/2103557449/99327389
来源：雪球
著作权归作者所有。商业转载请联系作者获得授权，非商业转载请注明出处。
风险提示：本文所提到的观点仅代表个人的意见，所涉及标的不作推荐，据此买卖，风险自负。",1
" 在此份报告中，万物新生首次采用生命周期评价（Life Cycle Assessment, LCA）方法，披露了2021年内集团成功销售的二手手机的平均单台碳减排贡献为30.41千克，全平台二手手机年内碳减排贡献总量为463,692吨，相当于230万亩城市森林一年的碳汇效果。",1
 世界环境日前夕，耐克(NKE)发布了《2016-2017财年可持续发展商业报告》，同时，其可持续发展网站也正式上线。报告显示，耐克已连续四年被公认为行业中使用可回收聚酯材料最多的企业，2017财年，75%的耐克鞋类和服装产品使用了可回收材料。据悉，耐克的目标是通过运动的力量推动世界进步。耐克正在创新21世纪的全新商业模式，在这种模式下，供应链是扁平、环保、平衡发展的，材料和产品都具有可持续性。,1
"公告显示，合肥市生态环境局同意元琛科技在合肥新站高新技术产业开发区建设新材料循环产业园项目，并且落实批复中列出的各项环保措施和要求，严格执行环境保护“三同时”制度，并按规定进行项目竣工环境保护验收。



作者：乐居财经
链接：https://xueqiu.com/7053459677/211535449
来源：雪球
著作权归作者所有。商业转载请联系作者获得授权，非商业转载请注明出处。
风险提示：本文所提到的观点仅代表个人的意见，所涉及标的不作推荐，据此买卖，风险自负。",1
"“外引精兵，内育良将”。在引进优秀人才的同时，普莱柯建立了自己的人才培养体系，加大人才的培养力度，为企业长远发展提供人才支撑。其中，最具代表性的当数公司内设的学习型组织——普莱柯学院。

普莱柯学院下设药学系、制药工程系、营销系、人力资源系、财务管理系，分别对应研发、生产制造、市场营销、人力资源管理与开发等业务模块。学院常年开设公共培训、新员工培训、专题培训、现场技能培训等培训课程，年人均培训超过50学时，对员工技能提升、管理改进与创新、文化理念认同等发挥了独特的支撑引领作用。



作者：守猪待兔的鱼
链接：https://xueqiu.com/1057619318/205753029
来源：雪球
著作权归作者所有。商业转载请联系作者获得授权，非商业转载请注明出处。
风险提示：本文所提到的观点仅代表个人的意见，所涉及标的不作推荐，据此买卖，风险自负。",1
"龙腾光热公司致力于光热发电及分布式太阳能热利用领域的研发创新和产业推广，其业务主要涵盖高温真空集热管、集热场系统集成、分布式太阳能冷热电联供系统等领域。据悉，龙腾光热在光热核心部件领域实现了国产高温真空集热管首次应用于海外商业化电站的重大突破。



作者：标准排名
链接：https://xueqiu.com/9609507785/225671029
来源：雪球
著作权归作者所有。商业转载请联系作者获得授权，非商业转载请注明出处。
风险提示：本文所提到的观点仅代表个人的意见，所涉及标的不作推荐，据此买卖，风险自负。",1
